Label_Type,Metric,Best_Threshold,Best_Score,Improvement_vs_0.65
Narratives,F1_Macro,0.65,0.20037186093950732,0.0
Narratives,F1_Micro,0.65,0.31445407755731997,0.0
Narratives,F1_Samples,0.65,0.29013946325161477,0.0
Subnarratives,F1_Macro,0.7,0.08211844897047328,0.004559497268565388
Subnarratives,F1_Micro,0.8,0.1573731256968251,0.014642427053976836
Subnarratives,F1_Samples,0.8,0.17502897892532038,0.020759627571182743
