{
  "generated_at": "2026-02-11T23:36:43.932882",
  "model": "deepseek",
  "language": "EN",
  "n_experiments": 3,
  "experiments": [
    {
      "experiment_id": "agora_1_deepseek_en_t00",
      "method": "agora_1",
      "num_agents": 1,
      "temperature": "0.0",
      "n_successful_runs": 1,
      "metrics": {
        "narratives_f1_macro": {
          "mean": 0.265633608815427,
          "std": 0.0,
          "ci_lower": 0.265633608815427,
          "ci_upper": 0.265633608815427,
          "n_runs": 1,
          "scores": [
            0.265634
          ]
        },
        "narratives_f1_micro": {
          "mean": 0.345679012345679,
          "std": 0.0,
          "ci_lower": 0.345679012345679,
          "ci_upper": 0.345679012345679,
          "n_runs": 1,
          "scores": [
            0.345679
          ]
        },
        "narratives_f1_samples": {
          "mean": 0.3608730158730159,
          "std": 0.0,
          "ci_lower": 0.3608730158730159,
          "ci_upper": 0.3608730158730159,
          "n_runs": 1,
          "scores": [
            0.360873
          ]
        },
        "narratives_f1_samples_manual": {
          "mean": 0.3608730158730159,
          "std": 0.0,
          "ci_lower": 0.3608730158730159,
          "ci_upper": 0.3608730158730159,
          "n_runs": 1,
          "scores": [
            0.360873
          ]
        },
        "subnarratives_f1_macro": {
          "mean": 0.11480679814013148,
          "std": 0.0,
          "ci_lower": 0.11480679814013148,
          "ci_upper": 0.11480679814013148,
          "n_runs": 1,
          "scores": [
            0.114807
          ]
        },
        "subnarratives_f1_micro": {
          "mean": 0.12903225806451613,
          "std": 0.0,
          "ci_lower": 0.12903225806451613,
          "ci_upper": 0.12903225806451613,
          "n_runs": 1,
          "scores": [
            0.129032
          ]
        },
        "subnarratives_f1_samples": {
          "mean": 0.12738325801019298,
          "std": 0.0,
          "ci_lower": 0.12738325801019298,
          "ci_upper": 0.12738325801019298,
          "n_runs": 1,
          "scores": [
            0.127383
          ]
        },
        "subnarratives_f1_samples_manual": {
          "mean": 0.12738325801019298,
          "std": 0.0,
          "ci_lower": 0.12738325801019298,
          "ci_upper": 0.12738325801019298,
          "n_runs": 1,
          "scores": [
            0.127383
          ]
        }
      }
    },
    {
      "experiment_id": "agora_deepseek_en_t00",
      "method": "agora",
      "num_agents": 3,
      "temperature": "0.0",
      "n_successful_runs": 5,
      "metrics": {
        "narratives_f1_macro": {
          "mean": 0.2818697580042118,
          "std": 0.026486733520262342,
          "ci_lower": 0.261116325318006,
          "ci_upper": 0.30157634771080144,
          "n_runs": 5,
          "scores": [
            0.297475,
            0.301115,
            0.247411,
            0.304089,
            0.259259
          ]
        },
        "narratives_f1_micro": {
          "mean": 0.35034401378454805,
          "std": 0.008074356543008438,
          "ci_lower": 0.3444079914627337,
          "ci_upper": 0.35628003610636244,
          "n_runs": 5,
          "scores": [
            0.344828,
            0.353741,
            0.340136,
            0.352113,
            0.360902
          ]
        },
        "narratives_f1_samples": {
          "mean": 0.34906568144499184,
          "std": 0.007182528498916697,
          "ci_lower": 0.3431428571428572,
          "ci_upper": 0.3547164750957855,
          "n_runs": 5,
          "scores": [
            0.347947,
            0.358492,
            0.338413,
            0.350317,
            0.350159
          ]
        },
        "narratives_f1_samples_manual": {
          "mean": 0.3490656814449919,
          "std": 0.007182528498916699,
          "ci_lower": 0.34314285714285725,
          "ci_upper": 0.3547164750957856,
          "n_runs": 5,
          "scores": [
            0.347947,
            0.358492,
            0.338413,
            0.350317,
            0.350159
          ]
        },
        "subnarratives_f1_macro": {
          "mean": 0.10160337118746779,
          "std": 0.00632883996505318,
          "ci_lower": 0.09606698971454611,
          "ci_upper": 0.10534655374741701,
          "n_runs": 5,
          "scores": [
            0.102439,
            0.106616,
            0.090686,
            0.105226,
            0.10305
          ]
        },
        "subnarratives_f1_micro": {
          "mean": 0.1121204004507517,
          "std": 0.0035459002451109028,
          "ci_lower": 0.10928778125553654,
          "ci_upper": 0.11479465185579119,
          "n_runs": 5,
          "scores": [
            0.109756,
            0.113433,
            0.107143,
            0.115016,
            0.115254
          ]
        },
        "subnarratives_f1_samples": {
          "mean": 0.10481825442569452,
          "std": 0.004713906758168516,
          "ci_lower": 0.10138050489064687,
          "ci_upper": 0.10825600396074217,
          "n_runs": 5,
          "scores": [
            0.103063,
            0.110503,
            0.098264,
            0.108013,
            0.104249
          ]
        },
        "subnarratives_f1_samples_manual": {
          "mean": 0.10481825442569452,
          "std": 0.004713906758168523,
          "ci_lower": 0.10138050489064687,
          "ci_upper": 0.10825600396074217,
          "n_runs": 5,
          "scores": [
            0.103063,
            0.110503,
            0.098264,
            0.108013,
            0.104249
          ]
        }
      }
    },
    {
      "experiment_id": "agora_deepseek_en_t07",
      "method": "agora",
      "num_agents": 3,
      "temperature": "0.7",
      "n_successful_runs": 5,
      "metrics": {
        "narratives_f1_macro": {
          "mean": 0.28956000426588663,
          "std": 0.022901589501172565,
          "ci_lower": 0.27011913390064646,
          "ci_upper": 0.30551954114979324,
          "n_runs": 5,
          "scores": [
            0.297408,
            0.28221,
            0.309124,
            0.253087,
            0.305971
          ]
        },
        "narratives_f1_micro": {
          "mean": 0.36016524908025493,
          "std": 0.012636297493838863,
          "ci_lower": 0.35036496350364965,
          "ci_upper": 0.36969181202912293,
          "n_runs": 5,
          "scores": [
            0.350365,
            0.364964,
            0.374101,
            0.34375,
            0.367647
          ]
        },
        "narratives_f1_samples": {
          "mean": 0.36268253968253966,
          "std": 0.019948314419352436,
          "ci_lower": 0.3477142857142857,
          "ci_upper": 0.3771428571428572,
          "n_runs": 5,
          "scores": [
            0.352381,
            0.368095,
            0.373016,
            0.334127,
            0.385794
          ]
        },
        "narratives_f1_samples_manual": {
          "mean": 0.36268253968253983,
          "std": 0.019948314419352423,
          "ci_lower": 0.34771428571428575,
          "ci_upper": 0.3771428571428573,
          "n_runs": 5,
          "scores": [
            0.352381,
            0.368095,
            0.373016,
            0.334127,
            0.385794
          ]
        },
        "subnarratives_f1_macro": {
          "mean": 0.09864202982060483,
          "std": 0.0057046774513785205,
          "ci_lower": 0.09436092373006576,
          "ci_upper": 0.10292313591114391,
          "n_runs": 5,
          "scores": [
            0.09293,
            0.10138,
            0.101571,
            0.092282,
            0.105047
          ]
        },
        "subnarratives_f1_micro": {
          "mean": 0.11527451072283972,
          "std": 0.0079018105419638,
          "ci_lower": 0.10909155214257509,
          "ci_upper": 0.12145746930310437,
          "n_runs": 5,