{
  "generated_at": "2026-02-12T10:07:27.256345",
  "n_experiments": 5,
  "experiments": [
    {
      "experiment_id": "mdeberta_baseline_bg_t00",
      "meta": {
        "method": "mdeberta_baseline",
        "method_display": "mDeBERTa (fine-tuned)",
        "model_key": "mdeberta:microsoft/mdeberta-v3-base",
        "model_display": "mDeBERTa v3 (fine-tuned)",
        "language": "BG",
        "temperature": "0.0",
        "num_narrative_agents": "1",
        "num_subnarrative_agents": "1",
        "narrative_aggregation": "single",
        "subnarrative_aggregation": "single",
        "hierarchical_strategy": "multi_head",
        "enable_validation": false,
        "max_tokens": "512"
      },
      "n_successful_runs": 5,
      "n_total_runs": 5,
      "metrics": {
        "narratives_f1_macro": {
          "mean": 0.1487124268899479,
          "std": 0.04908572839094517,
          "ci_lower": 0.11535579037569307,
          "ci_upper": 0.19126633096087983,
          "n_runs": 5,
          "scores": [
            0.10954,
            0.113134,
            0.228668,
            0.160789,
            0.131432
          ]
        },
        "narratives_f1_micro": {
          "mean": 0.3296825531351407,
          "std": 0.05812625092707458,
          "ci_lower": 0.2868550599376197,
          "ci_upper": 0.37526540681027265,
          "n_runs": 5,
          "scores": [
            0.288462,
            0.282609,
            0.404255,
            0.380952,
            0.292135
          ]
        },
        "narratives_f1_samples": {
          "mean": 0.38625850340136053,
          "std": 0.0626087604759395,
          "ci_lower": 0.3379251700680272,
          "ci_upper": 0.4345918367346938,
          "n_runs": 5,
          "scores": [
            0.338776,
            0.322109,
            0.467347,
            0.435204,
            0.367857
          ]
        },
        "narratives_f1_samples_manual": {
          "mean": 0.3862585034013605,
          "std": 0.06260876047593948,
          "ci_lower": 0.3379251700680273,
          "ci_upper": 0.43459183673469387,
          "n_runs": 5,
          "scores": [
            0.338776,
            0.322109,
            0.467347,
            0.435204,
            0.367857
          ]
        },
        "subnarratives_f1_macro": {
          "mean": 0.07385681216931216,
          "std": 0.037592842402994445,
          "ci_lower": 0.04424338624338624,
          "ci_upper": 0.10347023809523807,
          "n_runs": 5,
          "scores": [
            0.038333,
            0.070476,
            0.102865,
            0.120573,
            0.037037
          ]
        },
        "subnarratives_f1_micro": {
          "mean": 0.17117300790976148,
          "std": 0.04501456185124375,
          "ci_lower": 0.13678765678765678,
          "ci_upper": 0.2055583590318662,
          "n_runs": 5,
          "scores": [
            0.121212,
            0.195122,
            0.177778,
            0.229885,
            0.131868
          ]
        },
        "subnarratives_f1_samples": {
          "mean": 0.2220408163265306,
          "std": 0.03690958149036483,
          "ci_lower": 0.19214285714285717,
          "ci_upper": 0.25037414965986393,
          "n_runs": 5,
          "scores": [
            0.172619,
            0.238776,
            0.22619,
            0.270238,
            0.202381
          ]
        },
        "subnarratives_f1_samples_manual": {
          "mean": 0.2220408163265306,
          "std": 0.03690958149036483,
          "ci_lower": 0.19214285714285717,
          "ci_upper": 0.25037414965986393,
          "n_runs": 5,
          "scores": [
            0.172619,
            0.238776,
            0.22619,
            0.270238,
            0.202381
          ]
        }
      }
    },
    {
      "experiment_id": "mdeberta_baseline_en_t00",
      "meta": {
        "method": "mdeberta_baseline",
        "method_display": "mDeBERTa (fine-tuned)",
        "model_key": "mdeberta:microsoft/mdeberta-v3-base",
        "model_display": "mDeBERTa v3 (fine-tuned)",
        "language": "EN",
        "temperature": "0.0",
        "num_narrative_agents": "1",
        "num_subnarrative_agents": "1",
        "narrative_aggregation": "single",
        "subnarrative_aggregation": "single",
        "hierarchical_strategy": "multi_head",
        "enable_validation": false,
        "max_tokens": "512"
      },
      "n_successful_runs": 5,
      "n_total_runs": 5,
      "metrics": {
        "narratives_f1_macro": {
          "mean": 0.12506368271759694,
          "std": 0.019236840932675664,
          "ci_lower": 0.10893001660648723,
          "ci_upper": 0.13937527769460545,
          "n_runs": 5,
          "scores": [
            0.113376,
            0.100267,
            0.130193,
            0.130474,
            0.151009
          ]
        },
        "narratives_f1_micro": {
          "mean": 0.20509840399228096,
          "std": 0.023380714484742066,
          "ci_lower": 0.18643507030603806,
          "ci_upper": 0.22275159409884265,
          "n_runs": 5,
          "scores": [
            0.209677,
            0.17094,
            0.235294,
            0.198198,
            0.211382
          ]
        },
        "narratives_f1_samples": {
          "mean": 0.2066031746031746,
          "std": 0.042621242295181654,
          "ci_lower": 0.1759365079365079,
          "ci_upper": 0.2422222222222222,
          "n_runs": 5,
          "scores": [
            0.202222,
            0.158413,
            0.273889,
            0.187222,
            0.21127
          ]
        },
        "narratives_f1_samples_manual": {
          "mean": 0.2066031746031746,
          "std": 0.042621242295181654,
          "ci_lower": 0.17593650793650792,
          "ci_upper": 0.2422222222222222,
          "n_runs": 5,
          "scores": [
            0.202222,
            0.158413,
            0.273889,
            0.187222,
            0.21127
          ]
        },
        "subnarratives_f1_macro": {
          "mean": 0.050617248275389784,
          "std": 0.021219086596283653,
          "ci_lower": 0.032739939073272405,
          "ci_upper": 0.06605032995484827,
          "n_runs": 5,
          "scores": [
            0.073913,
            0.064198,
            0.054031,
            0.041667,
            0.019278
          ]
        },
        "subnarratives_f1_micro": {
          "mean": 0.0744021503799018,
          "std": 0.013227119045835557,
          "ci_lower": 0.062392496011706974,
          "ci_upper": 0.08184790066911114,
          "n_runs": 5,
          "scores": [
            0.082645,
            0.080645,
            0.081967,
            0.075472,
            0.051282
          ]
        },
        "subnarratives_f1_samples": {
          "mean": 0.06434920634920635,
          "std": 0.015172477768402005,
          "ci_lower": 0.05600000000000001,
          "ci_upper": 0.07777777777777779,
          "n_runs": 5,
          "scores": [
            0.061746,
            0.055556,
            0.091111,
            0.055556,
            0.057778
          ]
        },
        "subnarratives_f1_samples_manual": {
          "mean": 0.06434920634920635,
          "std": 0.015172477768402007,
          "ci_lower": 0.05600000000000001,
          "ci_upper": 0.07777777777777779,
          "n_runs": 5,
          "scores": [
            0.061746,
            0.055556,
            0.091111,
            0.055556,
            0.057778
          ]
        }
      }
    },
    {
      "experiment_id": "mdeberta_baseline_hi_t00",
      "meta": {
        "method": "mdeberta_baseline",
        "method_display": "mDeBERTa (fine-tuned)",
        "model_key": "mdeberta:microsoft/mdeberta-v3-base",
        "model_display": "mDeBERTa v3 (fine-tuned)",
        "language": "HI",
        "temperature": "0.0",
        "num_narrative_agents": "1",
        "num_subnarrative_agents": "1",
        "narrative_aggregation": "single",