{
  "generated_at": "2026-02-12T15:56:58.666222",
  "n_experiments": 5,
  "experiments": [
    {
      "experiment_id": "mdeberta_originals_only_bg_t00",
      "meta": {
        "method": "unknown",
        "method_display": "Unknown",
        "model_key": "mdeberta:microsoft/mdeberta-v3-base",
        "model_display": "mDeBERTa v3 (fine-tuned)",
        "language": "BG",
        "temperature": "0.0",
        "num_narrative_agents": "1",
        "num_subnarrative_agents": "1",
        "narrative_aggregation": "single",
        "subnarrative_aggregation": "single",
        "hierarchical_strategy": "multi_head",
        "enable_validation": false,
        "max_tokens": "512"
      },
      "n_successful_runs": 5,
      "n_total_runs": 5,
      "metrics": {
        "narratives_f1_macro": {
          "mean": 0.17434480664292323,
          "std": 0.02333379183821975,
          "ci_lower": 0.15403370164980074,
          "ci_upper": 0.1892560229731282,
          "n_runs": 5,
          "scores": [
            0.13532,
            0.184923,
            0.187272,
            0.170803,
            0.193407
          ]
        },
        "narratives_f1_micro": {
          "mean": 0.3836726428861641,
          "std": 0.027736495123427535,
          "ci_lower": 0.3622573504518347,
          "ci_upper": 0.4050879353204935,
          "n_runs": 5,
          "scores": [
            0.357895,
            0.409091,
            0.372093,
            0.361702,
            0.417582
          ]
        },
        "narratives_f1_samples": {
          "mean": 0.44840136054421775,
          "std": 0.03192086716205591,
          "ci_lower": 0.4249319727891157,
          "ci_upper": 0.4738775510204081,
          "n_runs": 5,
          "scores": [
            0.435204,
            0.494728,
            0.426871,
            0.417857,
            0.467347
          ]
        },
        "narratives_f1_samples_manual": {
          "mean": 0.44840136054421775,
          "std": 0.03192086716205594,
          "ci_lower": 0.4249319727891156,
          "ci_upper": 0.4738775510204082,
          "n_runs": 5,
          "scores": [
            0.435204,
            0.494728,
            0.426871,
            0.417857,
            0.467347
          ]
        },
        "subnarratives_f1_macro": {
          "mean": 0.0857502665728117,
          "std": 0.02533247727840103,
          "ci_lower": 0.06737816573657887,
          "ci_upper": 0.1063597728698159,
          "n_runs": 5,
          "scores": [
            0.064484,
            0.083195,
            0.124303,
            0.062364,
            0.094405
          ]
        },
        "subnarratives_f1_micro": {
          "mean": 0.18115732191819148,
          "std": 0.026827101065643944,
          "ci_lower": 0.16195652173913042,
          "ci_upper": 0.20077220077220076,
          "n_runs": 5,
          "scores": [
            0.166667,
            0.1875,
            0.216216,
            0.144928,
            0.190476
          ]
        },
        "subnarratives_f1_samples": {
          "mean": 0.23073747680890538,
          "std": 0.028606628258989665,
          "ci_lower": 0.20596938775510204,
          "ci_upper": 0.2503973407544836,
          "n_runs": 5,
          "scores": [
            0.2375,
            0.240561,
            0.261395,
            0.183929,
            0.230303
          ]
        },
        "subnarratives_f1_samples_manual": {
          "mean": 0.23073747680890538,
          "std": 0.02860662825898968,
          "ci_lower": 0.20596938775510204,
          "ci_upper": 0.2503973407544836,
          "n_runs": 5,
          "scores": [
            0.2375,
            0.240561,
            0.261395,
            0.183929,
            0.230303
          ]
        }
      }
    },
    {
      "experiment_id": "mdeberta_originals_only_en_t00",
      "meta": {
        "method": "unknown",
        "method_display": "Unknown",
        "model_key": "mdeberta:microsoft/mdeberta-v3-base",
        "model_display": "mDeBERTa v3 (fine-tuned)",
        "language": "EN",
        "temperature": "0.0",
        "num_narrative_agents": "1",
        "num_subnarrative_agents": "1",
        "narrative_aggregation": "single",
        "subnarrative_aggregation": "single",
        "hierarchical_strategy": "multi_head",
        "enable_validation": false,
        "max_tokens": "512"
      },
      "n_successful_runs": 5,
      "n_total_runs": 5,
      "metrics": {
        "narratives_f1_macro": {
          "mean": 0.14599852005579558,
          "std": 0.03198096594519528,
          "ci_lower": 0.12229688636588239,
          "ci_upper": 0.1718432279794509,
          "n_runs": 5,
          "scores": [
            0.130616,
            0.167891,
            0.106419,
            0.137415,
            0.187652
          ]
        },
        "narratives_f1_micro": {
          "mean": 0.260306429652571,
          "std": 0.035572174764056025,
          "ci_lower": 0.23301512089749848,
          "ci_upper": 0.2878293791309116,
          "n_runs": 5,
          "scores": [
            0.231405,
            0.306306,
            0.220472,
            0.260163,
            0.283186
          ]
        },
        "narratives_f1_samples": {
          "mean": 0.26424867724867723,
          "std": 0.04134226449563784,
          "ci_lower": 0.23200000000000004,
          "ci_upper": 0.2964973544973545,
          "n_runs": 5,
          "scores": [
            0.229048,
            0.293333,
            0.215265,
            0.271376,
            0.312222
          ]
        },
        "narratives_f1_samples_manual": {
          "mean": 0.26424867724867723,
          "std": 0.04134226449563786,
          "ci_lower": 0.23200000000000004,
          "ci_upper": 0.2964973544973545,
          "n_runs": 5,
          "scores": [
            0.229048,
            0.293333,
            0.215265,
            0.271376,
            0.312222
          ]
        },
        "subnarratives_f1_macro": {
          "mean": 0.05382579220891187,
          "std": 0.005148838981651916,
          "ci_lower": 0.05090479272118877,
          "ci_upper": 0.058463289651129936,
          "n_runs": 5,
          "scores": [
            0.051329,
            0.062828,
            0.05114,
            0.053374,
            0.050457
          ]
        },
        "subnarratives_f1_micro": {
          "mean": 0.0805642117307488,
          "std": 0.013535217885131763,
          "ci_lower": 0.07144644491913335,
          "ci_upper": 0.09289015286171347,
          "n_runs": 5,
          "scores": [
            0.077586,
            0.103093,
            0.066667,
            0.079646,
            0.075829
          ]
        },
        "subnarratives_f1_samples": {
          "mean": 0.07795873189990836,
          "std": 0.01399247684465382,
          "ci_lower": 0.06735565523800817,
          "ci_upper": 0.08856180856180855,
          "n_runs": 5,
          "scores": [
            0.065532,
            0.094735,
            0.061508,
            0.082698,
            0.08532
          ]
        },
        "subnarratives_f1_samples_manual": {
          "mean": 0.07795873189990837,
          "std": 0.013992476844653825,
          "ci_lower": 0.06735565523800817,
          "ci_upper": 0.08856180856180855,
          "n_runs": 5,
          "scores": [
            0.065532,
            0.094735,
            0.061508,
            0.082698,
            0.08532
          ]
        }
      }
    },
    {
      "experiment_id": "mdeberta_originals_only_hi_t00",
      "meta": {
        "method": "unknown",
        "method_display": "Unknown",
        "model_key": "mdeberta:microsoft/mdeberta-v3-base",
        "model_display": "mDeBERTa v3 (fine-tuned)",
        "language": "HI",
        "temperature": "0.0",
        "num_narrative_agents": "1",
        "num_subnarrative_agents": "1",
        "narrative_aggregation": "single",
        "subnarrative_aggregation": "single",