{
  "narratives_f1_macro": {
    "temp=0.0": {
      "mean": 0.21527268037963224,
      "std": 0.0005897025717148664,
      "ci_lower": 0.21474926588562948,
      "ci_upper": 0.2159115839597123,
      "n_runs": 3,
      "scores": [
        0.21474926588562948,
        0.2159115839597123,
        0.21515719129355493
      ]
    },
    "temp=0.7": {
      "mean": 0.2571730408628804,
      "std": 0.03717227803633421,
      "ci_lower": 0.22994662200544552,
      "ci_upper": 0.28661188633113766,
      "n_runs": 5,
      "scores": [
        0.22482223658694248,
        0.26150629673356945,
        0.21376010353283076,
        0.2892882073363357,
        0.29648836012472374
      ]
    },
    "difference": -0.04190036048324816,
    "relative_improvement": -16.292672180047287,
    "paired_ttest": {
      "statistic": -1.2788885785717874,
      "p_value": 0.3292706825262427,
      "test_type": "paired_ttest",
      "n_samples": 3,
      "mean_a": 0.21527268037963224,
      "mean_b": 0.23336287895111427,
      "std_a": 0.0005897025717148664,
      "std_b": 0.024992632320047455,
      "mean_diff": -0.018090198571481992,
      "std_diff": 0.024500291557696417
    },
    "wilcoxon": {
      "statistic": 1.0,
      "p_value": 0.5,
      "test_type": "wilcoxon",
      "n_samples": 3,
      "mean_a": 0.21527268037963224,
      "mean_b": 0.23336287895111427,
      "std_a": 0.0005897025717148664,
      "std_b": 0.024992632320047455,
      "median_a": 0.21515719129355493,
      "median_b": 0.22482223658694248
    },
    "significant_at_005": false,
    "significant_at_001": false
  },
  "narratives_f1_micro": {
    "temp=0.0": {
      "mean": 0.3137266540044318,
      "std": 0.006732018310219386,
      "ci_lower": 0.3076923076923077,
      "ci_upper": 0.32098765432098764,
      "n_runs": 3,
      "scores": [
        0.3076923076923077,
        0.32098765432098764,
        0.3125
      ]
    },
    "temp=0.7": {
      "mean": 0.3515340683515369,
      "std": 0.021827647946727737,
      "ci_lower": 0.33552688921816437,
      "ci_upper": 0.36754124748490946,
      "n_runs": 5,
      "scores": [
        0.33557046979865773,
        0.35714285714285715,
        0.3246753246753247,
        0.36,
        0.38028169014084506
      ]
    },
    "difference": -0.037807414347105106,
    "relative_improvement": -10.754978749114406,
    "paired_ttest": {
      "statistic": -3.612388617897118,
      "p_value": 0.06881585691415343,
      "test_type": "paired_ttest",
      "n_samples": 3,
      "mean_a": 0.3137266540044318,
      "mean_b": 0.3391295505389465,
      "std_a": 0.006732018310219386,
      "std_b": 0.016523784612475733,
      "mean_diff": -0.025402896534514736,
      "std_diff": 0.012180059265829518
    },
    "wilcoxon": {
      "statistic": 0.0,
      "p_value": 0.25,
      "test_type": "wilcoxon",
      "n_samples": 3,
      "mean_a": 0.3137266540044318,
      "mean_b": 0.3391295505389465,
      "std_a": 0.006732018310219386,
      "std_b": 0.016523784612475733,
      "median_a": 0.3125,
      "median_b": 0.33557046979865773
    },
    "significant_at_005": false,
    "significant_at_001": false
  },
  "narratives_f1_samples": {
    "temp=0.0": {
      "mean": 0.38267195767195766,
      "std": 0.013981174880130998,
      "ci_lower": 0.3697089947089947,
      "ci_upper": 0.3974867724867724,
      "n_runs": 3,
      "scores": [
        0.3697089947089947,
        0.39748677248677244,
        0.3808201058201058
      ]
    },
    "temp=0.7": {
      "mean": 0.3930264550264551,
      "std": 0.036943118827768184,
      "ci_lower": 0.3653809523809525,
      "ci_upper": 0.42373015873015873,
      "n_runs": 5,
      "scores": [
        0.3675661375661376,
        0.3766402116402117,
        0.3575661375661376,
        0.41949735449735454,
        0.4438624338624339
      ]
    },
    "difference": -0.01035449735449745,
    "relative_improvement": -2.634554804663334,
    "paired_ttest": {
      "statistic": 2.3102884128820858,
      "p_value": 0.1471078073193493,
      "test_type": "paired_ttest",
      "n_samples": 3,
      "mean_a": 0.38267195767195766,
      "mean_b": 0.367257495590829,
      "std_a": 0.013981174880130998,
      "std_b": 0.009540781956816147,
      "mean_diff": 0.015414462081128677,
      "std_diff": 0.011556406268147365
    },
    "wilcoxon": {
      "statistic": 0.0,
      "p_value": 0.25,
      "test_type": "wilcoxon",
      "n_samples": 3,
      "mean_a": 0.38267195767195766,
      "mean_b": 0.367257495590829,
      "std_a": 0.013981174880130998,
      "std_b": 0.009540781956816147,
      "median_a": 0.3808201058201058,
      "median_b": 0.3675661375661376
    },
    "significant_at_005": false,
    "significant_at_001": false
  },
  "subnarratives_f1_macro": {
    "temp=0.0": {
      "mean": 0.08843099989441454,
      "std": 0.003129332658750089,
      "ci_lower": 0.08485288424312813,
      "ci_upper": 0.09065656565656566,
      "n_runs": 3,
      "scores": [
        0.09065656565656566,
        0.08485288424312813,
        0.08978354978354978
      ]
    },
    "temp=0.7": {
      "mean": 0.1065922789242895,
      "std": 0.009815633691605699,
      "ci_lower": 0.09895748299319726,
      "ci_upper": 0.11391363878136365,
      "n_runs": 5,
      "scores": [
        0.09248196248196247,
        0.1136123136123136,
        0.10093253968253968,
        0.10952559100707249,
        0.11640898783755926
      ]
    },
    "difference": -0.018161279029874966,
    "relative_improvement": -17.03808119420599,
    "paired_ttest": {
      "statistic": -1.7616113501826742,
      "p_value": 0.22019568657255478,
      "test_type": "paired_ttest",
      "n_samples": 3,
      "mean_a": 0.08843099989441454,
      "mean_b": 0.10234227192560524,
      "std_a": 0.003129332658750089,
      "std_b": 0.010635480406208117,
      "mean_diff": -0.013911272031190724,
      "std_diff": 0.01367783532584281
    },
    "wilcoxon": {
      "statistic": 0.0,
      "p_value": 0.25,
      "test_type": "wilcoxon",
      "n_samples": 3,
      "mean_a": 0.08843099989441454,
      "mean_b": 0.10234227192560524,
      "std_a": 0.003129332658750089,
      "std_b": 0.010635480406208117,
      "median_a": 0.08978354978354978,
      "median_b": 0.10093253968253968
    },
    "significant_at_005": false,
    "significant_at_001": false
  },
  "subnarratives_f1_micro": {
    "temp=0.0": {
      "mean": 0.11556393483851986,
      "std": 0.0037462209907466663,
      "ci_lower": 0.11143695014662756,
      "ci_upper": 0.11874999999999998,
      "n_runs": 3,
      "scores": [
        0.11650485436893204,
        0.11143695014662756,
        0.11875
      ]
    },
    "temp=0.7": {
      "mean": 0.13473517331979196,
      "std": 0.008882870241129411,
      "ci_lower": 0.1280912574016022,
      "ci_upper": 0.14145370443932453,
      "n_runs": 5,
      "scores": [
        0.12624584717607973,
        0.1388888888888889,
        0.12539184952978055,
        0.13680781758957655,
        0.14634146341463414
      ]
    },
    "difference": -0.0191712384812721,
    "relative_improvement": -14.228829791734817,
    "paired_ttest": {
      "statistic": -2.2541078940624795,
      "p_value": 0.15291434113889565,
      "test_type": "paired_ttest",
      "n_samples": 3,
      "mean_a": 0.11556393483851986,
      "mean_b": 0.13017552853158307,
      "std_a": 0.0037462209907466663,
      "std_b": 0.0075580628822584425,
      "mean_diff": -0.014611593693063191,
      "std_diff": 0.011227511656652282
    },
    "wilcoxon": {
      "statistic": 0.0,
      "p_value": 0.25,
      "test_type": "wilcoxon",
      "n_samples": 3,
      "mean_a": 0.11556393483851986,
      "mean_b": 0.13017552853158307,
      "std_a": 0.0037462209907466663,
      "std_b": 0.0075580628822584425,
      "median_a": 0.11650485436893204,
      "median_b": 0.12624584717607973
    },
    "significant_at_005": false,
    "significant_at_001": false
  },
  "subnarratives_f1_samples": {
    "temp=0.0": {
      "mean": 0.15163418516393345,