{
  "narratives_f1_macro": {
    "Actor-Critic": {
      "mean": 0.2779152487370593,
      "std": 0.03946428774184966,
      "ci_lower": 0.24477403701467876,
      "ci_upper": 0.3060860379893993,
      "n_runs": 5,
      "scores": [
        0.21641288004924372,
        0.28537705680562825,
        0.3093718046659223,
        0.3131547619047619,
        0.2652597402597403
      ]
    },
    "Baseline": {
      "mean": 0.2739588226828487,
      "std": 0.014731809459076328,
      "ci_lower": 0.2625542230737036,
      "ci_upper": 0.28536342229199374,
      "n_runs": 5,
      "scores": [
        0.28307539682539684,
        0.29132216989359844,
        0.25921553194280467,
        0.27802197802197803,
        0.2581590367304653
      ]
    },
    "difference": 0.003956426054210593,
    "relative_improvement": 1.4441681474119894,
    "paired_ttest": {
      "statistic": 0.19537783557013316,
      "p_value": 0.8546203865567397,
      "test_type": "paired_ttest",
      "n_samples": 5,
      "mean_a": 0.2779152487370593,
      "mean_b": 0.2739588226828487,
      "std_a": 0.03946428774184966,
      "std_b": 0.014731809459076328,
      "mean_diff": 0.003956426054210632,
      "std_diff": 0.04528066133679
    },
    "wilcoxon": {
      "statistic": 6.0,
      "p_value": 0.8125,
      "test_type": "wilcoxon",
      "n_samples": 5,
      "mean_a": 0.2779152487370593,
      "mean_b": 0.2739588226828487,
      "std_a": 0.03946428774184966,
      "std_b": 0.014731809459076328,
      "median_a": 0.28537705680562825,
      "median_b": 0.27802197802197803
    },
    "significant_at_005": false,
    "significant_at_001": false
  },
  "narratives_f1_micro": {
    "Actor-Critic": {
      "mean": 0.3053676652091437,
      "std": 0.02321517203603452,
      "ci_lower": 0.2870874038557587,
      "ci_upper": 0.3236479265625287,
      "n_runs": 5,
      "scores": [
        0.28169014084507044,
        0.28,
        0.32432432432432434,
        0.3287671232876712,
        0.3120567375886525
      ]
    },
    "Baseline": {
      "mean": 0.3052868374671505,
      "std": 0.027913290601878495,
      "ci_lower": 0.2842572017856359,
      "ci_upper": 0.3263164731486651,
      "n_runs": 5,
      "scores": [
        0.33557046979865773,
        0.33548387096774196,
        0.2894736842105263,
        0.2874251497005988,
        0.27848101265822783
      ]
    },
    "difference": 8.082774199319465e-05,
    "relative_improvement": 0.02647599964144929,
    "paired_ttest": {
      "statistic": 0.003608853852230568,
      "p_value": 0.9972933669547215,
      "test_type": "paired_ttest",
      "n_samples": 5,
      "mean_a": 0.3053676652091437,
      "mean_b": 0.3052868374671505,
      "std_a": 0.02321517203603452,
      "std_b": 0.027913290601878495,
      "mean_diff": 8.082774199317245e-05,
      "std_diff": 0.050081364600796464
    },
    "wilcoxon": {
      "statistic": 6.0,
      "p_value": 0.8125,
      "test_type": "wilcoxon",
      "n_samples": 5,
      "mean_a": 0.3053676652091437,
      "mean_b": 0.3052868374671505,
      "std_a": 0.02321517203603452,
      "std_b": 0.027913290601878495,
      "median_a": 0.3120567375886525,
      "median_b": 0.2894736842105263
    },
    "significant_at_005": false,
    "significant_at_001": false
  },
  "narratives_f1_samples": {
    "Actor-Critic": {
      "mean": 0.32546560846560846,
      "std": 0.04227085919163556,
      "ci_lower": 0.2921904761904762,
      "ci_upper": 0.3573968253968253,
      "n_runs": 5,
      "scores": [
        0.2802380952380953,
        0.29238095238095235,
        0.3736507936507936,
        0.36534391534391536,
        0.3157142857142857
      ]
    },
    "Baseline": {
      "mean": 0.3355820105820106,
      "std": 0.027889225911141388,
      "ci_lower": 0.3142275132275132,
      "ci_upper": 0.35754497354497355,
      "n_runs": 5,
      "scores": [
        0.35447089947089955,
        0.37386243386243384,
        0.3280158730158729,
        0.31166666666666665,
        0.30989417989417983
      ]
    },
    "difference": -0.010116402116402134,
    "relative_improvement": -3.01458415451321,
    "paired_ttest": {
      "statistic": -0.35076846737905726,
      "p_value": 0.7434562441700698,
      "test_type": "paired_ttest",
      "n_samples": 5,
      "mean_a": 0.32546560846560846,
      "mean_b": 0.3355820105820106,
      "std_a": 0.04227085919163556,
      "std_b": 0.027889225911141388,
      "mean_diff": -0.01011640211640209,
      "std_diff": 0.0644897273378696
    },
    "wilcoxon": {
      "statistic": 6.0,
      "p_value": 0.8125,
      "test_type": "wilcoxon",
      "n_samples": 5,
      "mean_a": 0.32546560846560846,
      "mean_b": 0.3355820105820106,
      "std_a": 0.04227085919163556,
      "std_b": 0.027889225911141388,
      "median_a": 0.3157142857142857,
      "median_b": 0.3280158730158729
    },
    "significant_at_005": false,
    "significant_at_001": false
  },
  "subnarratives_f1_macro": {
    "Actor-Critic": {
      "mean": 0.099341649163263,
      "std": 0.029575505480351955,
      "ci_lower": 0.07997858647591267,
      "ci_upper": 0.12578622041308607,
      "n_runs": 5,
      "scores": [
        0.07176636494818313,
        0.08238795518207283,
        0.09211302793392345,
        0.14823501539919448,
        0.10220588235294117
      ]
    },
    "Baseline": {
      "mean": 0.11335812147928323,
      "std": 0.025339468455928275,
      "ci_lower": 0.0916168988623717,
      "ci_upper": 0.13060561763667353,
      "n_runs": 5,
      "scores": [
        0.10928071928071928,
        0.13931446974925235,
        0.12935374149659865,
        0.11569166569166567,
        0.0731500111781802
      ]
    },
    "difference": -0.014016472316020226,
    "relative_improvement": -12.36477116338048,
    "paired_ttest": {
      "statistic": -0.7515868952014684,
      "p_value": 0.49410344281999896,
      "test_type": "paired_ttest",
      "n_samples": 5,
      "mean_a": 0.099341649163263,
      "mean_b": 0.11335812147928323,
      "std_a": 0.029575505480351955,
      "std_b": 0.025339468455928275,
      "mean_diff": -0.014016472316020216,
      "std_diff": 0.041700813443485765
    },
    "wilcoxon": {
      "statistic": 3.0,
      "p_value": 0.3125,
      "test_type": "wilcoxon",
      "n_samples": 5,
      "mean_a": 0.099341649163263,
      "mean_b": 0.11335812147928323,
      "std_a": 0.029575505480351955,
      "std_b": 0.025339468455928275,
      "median_a": 0.09211302793392345,
      "median_b": 0.11569166569166567
    },
    "significant_at_005": false,
    "significant_at_001": false
  },
  "subnarratives_f1_micro": {
    "Actor-Critic": {
      "mean": 0.12080985719789257,
      "std": 0.025055256213663602,
      "ci_lower": 0.10164169500873244,
      "ci_upper": 0.13997801938705273,
      "n_runs": 5,
      "scores": [
        0.09090909090909091,
        0.10232558139534884,
        0.12173913043478261,
        0.15315315315315314,
        0.13592233009708737
      ]
    },
    "Baseline": {
      "mean": 0.13851271107339075,
      "std": 0.028345296151763736,
      "ci_lower": 0.11304138355393216,
      "ci_upper": 0.1561269983996746,
      "n_runs": 5,
      "scores": [
        0.1391304347826087,
        0.16326530612244897,
        0.15447154471544716,
        0.14516129032258066,
        0.09053497942386832
      ]
    },
    "difference": -0.01770285387549818,
    "relative_improvement": -12.780670985580771,
    "paired_ttest": {
      "statistic": -0.904143721215648,
      "p_value": 0.41704939381724554,
      "test_type": "paired_ttest",
      "n_samples": 5,
      "mean_a": 0.12080985719789257,
      "mean_b": 0.13851271107339075,
      "std_a": 0.025055256213663602,
      "std_b": 0.028345296151763736,
      "mean_diff": -0.017702853875498182,
      "std_diff": 0.043781518062345905
    },
    "wilcoxon": {
      "statistic": 4.0,
      "p_value": 0.4375,
      "test_type": "wilcoxon",
      "n_samples": 5,
      "mean_a": 0.12080985719789257,
      "mean_b": 0.13851271107339075,