{
  "narratives_f1_macro": {
    "Agora": {
      "mean": 0.29994601862783676,
      "std": 0.013599802992132422,
      "ci_lower": 0.28926699563063196,
      "ci_upper": 0.3106250416250417,
      "n_runs": 5,
      "scores": [
        0.30072150072150067,
        0.3107764457764458,
        0.28361941089213816,
        0.3154254079254079,
        0.28918732782369144
      ]
    },
    "Baseline": {
      "mean": 0.2739588226828487,
      "std": 0.014731809459076328,
      "ci_lower": 0.2625542230737036,
      "ci_upper": 0.28536342229199374,
      "n_runs": 5,
      "scores": [
        0.28307539682539684,
        0.29132216989359844,
        0.25921553194280467,
        0.27802197802197803,
        0.2581590367304653
      ]
    },
    "difference": 0.02598719594498805,
    "relative_improvement": 9.485803629355058,
    "paired_ttest": {
      "statistic": 7.066242588122952,
      "p_value": 0.002116058752845525,
      "test_type": "paired_ttest",
      "n_samples": 5,
      "mean_a": 0.29994601862783676,
      "mean_b": 0.2739588226828487,
      "std_a": 0.013599802992132422,
      "std_b": 0.014731809459076328,
      "mean_diff": 0.02598719594498814,
      "std_diff": 0.008223484539756827
    },
    "wilcoxon": {
      "statistic": 0.0,
      "p_value": 0.0625,
      "test_type": "wilcoxon",
      "n_samples": 5,
      "mean_a": 0.29994601862783676,
      "mean_b": 0.2739588226828487,
      "std_a": 0.013599802992132422,
      "std_b": 0.014731809459076328,
      "median_a": 0.30072150072150067,
      "median_b": 0.27802197802197803
    },
    "significant_at_005": false,
    "significant_at_001": false
  },
  "narratives_f1_micro": {
    "Agora": {
      "mean": 0.3306117364424791,
      "std": 0.007027722454919199,
      "ci_lower": 0.3250885202625106,
      "ci_upper": 0.33613495262244764,
      "n_runs": 5,
      "scores": [
        0.3389830508474576,
        0.33070866141732286,
        0.3225806451612903,
        0.3247863247863248,
        0.336
      ]
    },
    "Baseline": {
      "mean": 0.3052868374671505,
      "std": 0.027913290601878495,
      "ci_lower": 0.2842572017856359,
      "ci_upper": 0.3263164731486651,
      "n_runs": 5,
      "scores": [
        0.33557046979865773,
        0.33548387096774196,
        0.2894736842105263,
        0.2874251497005988,
        0.27848101265822783
      ]
    },
    "difference": 0.02532489897532858,
    "relative_improvement": 8.295444109362753,
    "paired_ttest": {
      "statistic": 2.209251961655207,
      "p_value": 0.09170246541685109,
      "test_type": "paired_ttest",
      "n_samples": 5,
      "mean_a": 0.3306117364424791,
      "mean_b": 0.3052868374671505,
      "std_a": 0.007027722454919199,
      "std_b": 0.027913290601878495,
      "mean_diff": 0.02532489897532859,
      "std_diff": 0.025632293923470252
    },
    "wilcoxon": {
      "statistic": 2.0,
      "p_value": 0.1875,
      "test_type": "wilcoxon",
      "n_samples": 5,
      "mean_a": 0.3306117364424791,
      "mean_b": 0.3052868374671505,
      "std_a": 0.007027722454919199,
      "std_b": 0.027913290601878495,
      "median_a": 0.33070866141732286,
      "median_b": 0.2894736842105263
    },
    "significant_at_005": false,
    "significant_at_001": false
  },
  "narratives_f1_samples": {
    "Agora": {
      "mean": 0.32821164021164023,
      "std": 0.014835947229547671,
      "ci_lower": 0.3171375661375661,
      "ci_upper": 0.3406296296296296,
      "n_runs": 5,
      "scores": [
        0.33740740740740743,
        0.3124867724867725,
        0.32351851851851854,
        0.31859788359788355,
        0.34904761904761905
      ]
    },
    "Baseline": {
      "mean": 0.3355820105820106,
      "std": 0.027889225911141374,
      "ci_lower": 0.3142275132275133,
      "ci_upper": 0.35754497354497355,
      "n_runs": 5,
      "scores": [
        0.35447089947089955,
        0.3738624338624339,
        0.32801587301587304,
        0.31166666666666665,
        0.30989417989417994
      ]
    },
    "difference": -0.0073703703703703605,
    "relative_improvement": -2.1962948364209667,
    "paired_ttest": {
      "statistic": -0.4490547358515019,
      "p_value": 0.6766471364636892,
      "test_type": "paired_ttest",
      "n_samples": 5,
      "mean_a": 0.32821164021164023,
      "mean_b": 0.3355820105820106,
      "std_a": 0.014835947229547671,
      "std_b": 0.027889225911141374,
      "mean_diff": -0.007370370370370405,
      "std_diff": 0.03670075795158414
    },
    "wilcoxon": {
      "statistic": 6.0,
      "p_value": 0.8125,
      "test_type": "wilcoxon",
      "n_samples": 5,
      "mean_a": 0.32821164021164023,
      "mean_b": 0.3355820105820106,
      "std_a": 0.014835947229547671,
      "std_b": 0.027889225911141374,
      "median_a": 0.32351851851851854,
      "median_b": 0.32801587301587304
    },
    "significant_at_005": false,
    "significant_at_001": false
  },
  "subnarratives_f1_macro": {
    "Agora": {
      "mean": 0.13877606085284758,
      "std": 0.012513941617277868,
      "ci_lower": 0.1295265462506842,
      "ci_upper": 0.14809310704976028,
      "n_runs": 5,
      "scores": [
        0.12507215007215008,
        0.15625960061443933,
        0.14661458333333333,
        0.13155446086480568,
        0.13437950937950938
      ]
    },
    "Baseline": {
      "mean": 0.11335812147928323,
      "std": 0.025339468455928275,
      "ci_lower": 0.0916168988623717,
      "ci_upper": 0.13060561763667353,
      "n_runs": 5,
      "scores": [
        0.10928071928071928,
        0.13931446974925235,
        0.12935374149659865,
        0.11569166569166567,
        0.0731500111781802
      ]
    },
    "difference": 0.025417939373564347,
    "relative_improvement": 22.422689298189898,
    "paired_ttest": {
      "statistic": 2.837589879434992,
      "p_value": 0.0469821831516874,
      "test_type": "paired_ttest",
      "n_samples": 5,
      "mean_a": 0.13877606085284758,
      "mean_b": 0.11335812147928323,
      "std_a": 0.012513941617277868,
      "std_b": 0.025339468455928275,
      "mean_diff": 0.025417939373564336,
      "std_diff": 0.02002975859872155
    },
    "wilcoxon": {
      "statistic": 0.0,
      "p_value": 0.0625,
      "test_type": "wilcoxon",
      "n_samples": 5,
      "mean_a": 0.13877606085284758,
      "mean_b": 0.11335812147928323,
      "std_a": 0.012513941617277868,
      "std_b": 0.025339468455928275,
      "median_a": 0.13437950937950938,
      "median_b": 0.11569166569166567
    },
    "significant_at_005": false,
    "significant_at_001": false
  },
  "subnarratives_f1_micro": {
    "Agora": {
      "mean": 0.15635274636028793,
      "std": 0.007668199096496355,
      "ci_lower": 0.1497902097902098,
      "ci_upper": 0.16112655100789322,
      "n_runs": 5,
      "scores": [
        0.15544041450777202,
        0.16037735849056603,
        0.16326530612244897,
        0.1590909090909091,
        0.14358974358974358
      ]
    },
    "Baseline": {
      "mean": 0.13851271107339075,
      "std": 0.028345296151763736,
      "ci_lower": 0.11304138355393216,
      "ci_upper": 0.1561269983996746,
      "n_runs": 5,
      "scores": [
        0.1391304347826087,
        0.16326530612244897,
        0.15447154471544716,
        0.14516129032258066,
        0.09053497942386832
      ]
    },
    "difference": 0.017840035286897177,
    "relative_improvement": 12.879709846589213,
    "paired_ttest": {
      "statistic": 1.8968063274194298,
      "p_value": 0.13071958822467214,
      "test_type": "paired_ttest",
      "n_samples": 5,
      "mean_a": 0.15635274636028793,
      "mean_b": 0.13851271107339075,
      "std_a": 0.007668199096496355,
      "std_b": 0.028345296151763736,
      "mean_diff": 0.017840035286897177,
      "std_diff": 0.02103089337368921
    },
    "wilcoxon": {
      "statistic": 1.0,
      "p_value": 0.125,
      "test_type": "wilcoxon",
      "n_samples": 5,
      "mean_a": 0.15635274636028793,
      "mean_b": 0.13851271107339075,