{
  "narratives_f1_macro": {
    "Agora": {
      "mean": 0.29994601862783676,
      "std": 0.013599802992132422,
      "ci_lower": 0.28926699563063196,
      "ci_upper": 0.3106250416250417,
      "n_runs": 5,
      "scores": [
        0.30072150072150067,
        0.3107764457764458,
        0.28361941089213816,
        0.3154254079254079,
        0.28918732782369144
      ]
    },
    "Actor-Critic": {
      "mean": 0.2779152487370593,
      "std": 0.03946428774184966,
      "ci_lower": 0.24477403701467876,
      "ci_upper": 0.3060860379893993,
      "n_runs": 5,
      "scores": [
        0.21641288004924372,
        0.28537705680562825,
        0.3093718046659223,
        0.3131547619047619,
        0.2652597402597403
      ]
    },
    "difference": 0.022030769890777457,
    "relative_improvement": 7.92715404818293,
    "paired_ttest": {
      "statistic": 1.2157815863846229,
      "p_value": 0.29091159592512983,
      "test_type": "paired_ttest",
      "n_samples": 5,
      "mean_a": 0.29994601862783676,
      "mean_b": 0.2779152487370593,
      "std_a": 0.013599802992132422,
      "std_b": 0.03946428774184966,
      "mean_diff": 0.022030769890777506,
      "std_diff": 0.040519036991607776
    },
    "wilcoxon": {
      "statistic": 4.0,
      "p_value": 0.4375,
      "test_type": "wilcoxon",
      "n_samples": 5,
      "mean_a": 0.29994601862783676,
      "mean_b": 0.2779152487370593,
      "std_a": 0.013599802992132422,
      "std_b": 0.03946428774184966,
      "median_a": 0.30072150072150067,
      "median_b": 0.28537705680562825
    },
    "significant_at_005": false,
    "significant_at_001": false
  },
  "narratives_f1_micro": {
    "Agora": {
      "mean": 0.3306117364424791,
      "std": 0.007027722454919199,
      "ci_lower": 0.3250885202625106,
      "ci_upper": 0.33613495262244764,
      "n_runs": 5,
      "scores": [
        0.3389830508474576,
        0.33070866141732286,
        0.3225806451612903,
        0.3247863247863248,
        0.336
      ]
    },
    "Actor-Critic": {
      "mean": 0.3053676652091437,
      "std": 0.02321517203603452,
      "ci_lower": 0.2870874038557587,
      "ci_upper": 0.3236479265625287,
      "n_runs": 5,
      "scores": [
        0.28169014084507044,
        0.28,
        0.32432432432432434,
        0.3287671232876712,
        0.3120567375886525
      ]
    },
    "difference": 0.025244071233335386,
    "relative_improvement": 8.266779397237732,
    "paired_ttest": {
      "statistic": 1.9773600917659215,
      "p_value": 0.11916105594483814,
      "test_type": "paired_ttest",
      "n_samples": 5,
      "mean_a": 0.3306117364424791,
      "mean_b": 0.3053676652091437,
      "std_a": 0.007027722454919199,
      "std_b": 0.02321517203603452,
      "mean_diff": 0.02524407123333542,
      "std_diff": 0.028546879013914662
    },
    "wilcoxon": {
      "statistic": 3.0,
      "p_value": 0.3125,
      "test_type": "wilcoxon",
      "n_samples": 5,
      "mean_a": 0.3306117364424791,
      "mean_b": 0.3053676652091437,
      "std_a": 0.007027722454919199,
      "std_b": 0.02321517203603452,
      "median_a": 0.33070866141732286,
      "median_b": 0.3120567375886525
    },
    "significant_at_005": false,
    "significant_at_001": false
  },
  "narratives_f1_samples": {
    "Agora": {
      "mean": 0.32821164021164023,
      "std": 0.014835947229547673,
      "ci_lower": 0.3171375661375661,
      "ci_upper": 0.3406296296296296,
      "n_runs": 5,
      "scores": [
        0.3374074074074074,
        0.3124867724867725,
        0.32351851851851854,
        0.3185978835978836,
        0.3490476190476191
      ]
    },
    "Actor-Critic": {
      "mean": 0.32546560846560846,
      "std": 0.042270859191635556,
      "ci_lower": 0.2921904761904762,
      "ci_upper": 0.3573968253968253,
      "n_runs": 5,
      "scores": [
        0.2802380952380953,
        0.29238095238095235,
        0.3736507936507936,
        0.36534391534391536,
        0.3157142857142858
      ]
    },
    "difference": 0.002746031746031774,
    "relative_improvement": 0.8437240908425948,
    "paired_ttest": {
      "statistic": 0.12636678662332612,
      "p_value": 0.9055388903026153,
      "test_type": "paired_ttest",
      "n_samples": 5,
      "mean_a": 0.32821164021164023,
      "mean_b": 0.32546560846560846,
      "std_a": 0.014835947229547673,
      "std_b": 0.042270859191635556,
      "mean_diff": 0.0027460317460317406,
      "std_diff": 0.048591198815575214
    },
    "wilcoxon": {
      "statistic": 7.0,
      "p_value": 1.0,
      "test_type": "wilcoxon",
      "n_samples": 5,
      "mean_a": 0.32821164021164023,
      "mean_b": 0.32546560846560846,
      "std_a": 0.014835947229547673,
      "std_b": 0.042270859191635556,
      "median_a": 0.32351851851851854,
      "median_b": 0.3157142857142858
    },
    "significant_at_005": false,
    "significant_at_001": false
  },
  "subnarratives_f1_macro": {
    "Agora": {
      "mean": 0.13877606085284758,
      "std": 0.012513941617277868,
      "ci_lower": 0.1295265462506842,
      "ci_upper": 0.14809310704976028,
      "n_runs": 5,
      "scores": [
        0.12507215007215008,
        0.15625960061443933,
        0.14661458333333333,
        0.13155446086480568,
        0.13437950937950938
      ]
    },
    "Actor-Critic": {
      "mean": 0.099341649163263,
      "std": 0.029575505480351955,
      "ci_lower": 0.07997858647591267,
      "ci_upper": 0.12578622041308607,
      "n_runs": 5,
      "scores": [
        0.07176636494818313,
        0.08238795518207283,
        0.09211302793392345,
        0.14823501539919448,
        0.10220588235294117
      ]
    },
    "difference": 0.03943441168958457,
    "relative_improvement": 39.6957489851775,
    "paired_ttest": {
      "statistic": 2.5436354536490007,
      "p_value": 0.06373438697827342,
      "test_type": "paired_ttest",
      "n_samples": 5,
      "mean_a": 0.13877606085284758,
      "mean_b": 0.099341649163263,
      "std_a": 0.012513941617277868,
      "std_b": 0.029575505480351955,
      "mean_diff": 0.039434411689584545,
      "std_diff": 0.03466614096140491
    },
    "wilcoxon": {
      "statistic": 1.0,
      "p_value": 0.125,
      "test_type": "wilcoxon",
      "n_samples": 5,
      "mean_a": 0.13877606085284758,
      "mean_b": 0.099341649163263,
      "std_a": 0.012513941617277868,
      "std_b": 0.029575505480351955,
      "median_a": 0.13437950937950938,
      "median_b": 0.09211302793392345
    },
    "significant_at_005": false,
    "significant_at_001": false
  },
  "subnarratives_f1_micro": {
    "Agora": {
      "mean": 0.15635274636028793,
      "std": 0.007668199096496355,
      "ci_lower": 0.1497902097902098,
      "ci_upper": 0.16112655100789322,
      "n_runs": 5,
      "scores": [
        0.15544041450777202,
        0.16037735849056603,
        0.16326530612244897,
        0.1590909090909091,
        0.14358974358974358
      ]
    },
    "Actor-Critic": {
      "mean": 0.12080985719789257,
      "std": 0.025055256213663602,
      "ci_lower": 0.10164169500873244,
      "ci_upper": 0.13997801938705273,
      "n_runs": 5,
      "scores": [
        0.09090909090909091,
        0.10232558139534884,
        0.12173913043478261,
        0.15315315315315314,
        0.13592233009708737
      ]
    },
    "difference": 0.035542889162395355,
    "relative_improvement": 29.420520797549106,
    "paired_ttest": {
      "statistic": 2.884672058596322,
      "p_value": 0.044802117754234996,
      "test_type": "paired_ttest",
      "n_samples": 5,
      "mean_a": 0.15635274636028793,
      "mean_b": 0.12080985719789257,
      "std_a": 0.007668199096496355,
      "std_b": 0.025055256213663602,
      "mean_diff": 0.035542889162395355,
      "std_diff": 0.02755124834624344
    },
    "wilcoxon": {
      "statistic": 0.0,
      "p_value": 0.0625,
      "test_type": "wilcoxon",
      "n_samples": 5,
      "mean_a": 0.15635274636028793,
      "mean_b": 0.12080985719789257,
      "std_a": 0.007668199096496355,