Language,Model,Label_Type,F1_Macro,F1_Micro,F1_Samples,Total_Labels,Total_Files
BG,Google Gemini 2.5 Flash,narratives,0.3861061800911425,0.5298013245033113,0.552108843537415,21,35
BG,Google Gemini 2.5 Flash,subnarratives,0.2746838095851542,0.4017094017094017,0.42105142142736124,67,35
