Language,Model,Label_Type,F1_Macro,F1_Micro,F1_Samples,Total_Labels,Total_Files
EN,Google Gemini 2.5 Flash,narratives,0.47761374098272497,0.5596707818930041,0.5318826160289576,22,41
EN,Google Gemini 2.5 Flash,subnarratives,0.30623912035676737,0.40380047505938244,0.4165643084750104,80,41
