Language,Model,Label_Type,F1_Macro,F1_Micro,F1_Samples,Total_Labels,Total_Files
HI,Google Gemini 2.5 Flash,narratives,0.3836608333411403,0.4645161290322581,0.435374149659864,13,35
HI,Google Gemini 2.5 Flash,subnarratives,0.24506802721088436,0.28936170212765955,0.26874879089164805,42,35
