Language,Model,Label_Type,F1_Macro,F1_Micro,F1_Samples,Total_Labels,Total_Files
PT,Google Gemini 2.5 Flash,narratives,0.4909418506658558,0.7286821705426356,0.6903628117913831,15,35
PT,Google Gemini 2.5 Flash,subnarratives,0.3425231441712455,0.4972375690607735,0.43669346526489383,41,35
