Language,Model,Label_Type,F1_Macro,F1_Micro,F1_Samples,Total_Labels,Total_Files
RU,Google Gemini 2.5 Flash,narratives,0.5064904945360353,0.6753246753246753,0.669345238095238,11,32
RU,Google Gemini 2.5 Flash,subnarratives,0.33416749011857705,0.44537815126050423,0.5077602861319966,40,32
