Language,Model,Label_Type,F1_Macro,F1_Micro,F1_Samples,Total_Labels,Total_Files
BG,Google Gemini 2.5 Flash,narratives,0.40598524282734805,0.5290322580645161,0.5721315192743764,21,35
BG,Google Gemini 2.5 Flash,subnarratives,0.22595647595647597,0.35384615384615387,0.40487036772751056,74,35
