Language,Model,Label_Type,F1_Macro,F1_Micro,F1_Samples,Total_Labels,Total_Files
EN,Google Gemini 2.5 Flash,narratives,0.5369352658134949,0.5606694560669456,0.5241113899650486,22,41
EN,Google Gemini 2.5 Flash,subnarratives,0.2946501930220418,0.3616557734204793,0.3674805056816554,84,41
