Language,Model,Label_Type,F1_Macro,F1_Micro,F1_Samples,Total_Labels,Total_Files
PT,Google Gemini 2.5 Flash,narratives,0.5455265993036892,0.7301587301587301,0.7335374149659865,15,35
PT,Google Gemini 2.5 Flash,subnarratives,0.3099980123235937,0.4756756756756757,0.4681397967112253,43,35
