Language,Model,Label_Type,F1_Macro,F1_Micro,F1_Samples,Total_Labels,Total_Files
RU,Google Gemini 2.5 Flash,narratives,0.5802209284967905,0.6928104575163399,0.7079951298701298,11,32
RU,Google Gemini 2.5 Flash,subnarratives,0.3322912318034269,0.4392156862745098,0.4786000457875458,41,32
