{
  "narratives_f1_macro": {
    "GPT-5-nano": {
      "mean": 0.29994601862783676,
      "std": 0.013599802992132422,
      "ci_lower": 0.28926699563063196,
      "ci_upper": 0.3106250416250417,
      "n_runs": 5,
      "scores": [
        0.30072150072150067,
        0.3107764457764458,
        0.28361941089213816,
        0.3154254079254079,
        0.28918732782369144
      ]
    },
    "gemini": {
      "mean": 0.21527268037963224,
      "std": 0.0005897025717148664,
      "ci_lower": 0.21474926588562948,
      "ci_upper": 0.2159115839597123,
      "n_runs": 3,
      "scores": [
        0.21474926588562948,
        0.2159115839597123,
        0.21515719129355493
      ]
    },
    "difference": 0.08467333824820453,
    "relative_improvement": 39.33306265285662,
    "paired_ttest": {
      "statistic": 10.7143586619649,
      "p_value": 0.008598798111797543,
      "test_type": "paired_ttest",
      "n_samples": 3,
      "mean_a": 0.2983724524633615,
      "mean_b": 0.21527268037963224,
      "std_a": 0.013730063973491729,
      "std_b": 0.0005897025717148664,
      "mean_diff": 0.0830997720837293,
      "std_diff": 0.013433657756610623
    },
    "wilcoxon": {
      "statistic": 0.0,
      "p_value": 0.25,
      "test_type": "wilcoxon",
      "n_samples": 3,
      "mean_a": 0.2983724524633615,
      "mean_b": 0.21527268037963224,
      "std_a": 0.013730063973491729,
      "std_b": 0.0005897025717148664,
      "median_a": 0.30072150072150067,
      "median_b": 0.21515719129355493
    },
    "significant_at_005": false,
    "significant_at_001": false
  },
  "narratives_f1_micro": {
    "GPT-5-nano": {
      "mean": 0.3306117364424791,
      "std": 0.007027722454919199,
      "ci_lower": 0.3250885202625106,
      "ci_upper": 0.33613495262244764,
      "n_runs": 5,
      "scores": [
        0.3389830508474576,
        0.33070866141732286,
        0.3225806451612903,
        0.3247863247863248,
        0.336
      ]
    },
    "gemini": {
      "mean": 0.3137266540044318,
      "std": 0.006732018310219386,
      "ci_lower": 0.3076923076923077,
      "ci_upper": 0.32098765432098764,
      "n_runs": 3,
      "scores": [
        0.3076923076923077,
        0.32098765432098764,
        0.3125
      ]
    },
    "difference": 0.016885082438047316,
    "relative_improvement": 5.382100061478613,
    "paired_ttest": {
      "statistic": 2.388367375939434,
      "p_value": 0.1395322981007558,
      "test_type": "paired_ttest",
      "n_samples": 3,
      "mean_a": 0.33075745247535693,
      "mean_b": 0.3137266540044318,
      "std_a": 0.008201311693803096,
      "std_b": 0.006732018310219386,
      "mean_diff": 0.017030798470925146,
      "std_diff": 0.012350783444069594
    },
    "wilcoxon": {
      "statistic": 0.0,
      "p_value": 0.25,
      "test_type": "wilcoxon",
      "n_samples": 3,
      "mean_a": 0.33075745247535693,
      "mean_b": 0.3137266540044318,
      "std_a": 0.008201311693803096,
      "std_b": 0.006732018310219386,
      "median_a": 0.33070866141732286,
      "median_b": 0.3125
    },
    "significant_at_005": false,
    "significant_at_001": false
  },
  "narratives_f1_samples": {
    "GPT-5-nano": {
      "mean": 0.3282116402116402,
      "std": 0.014835947229547668,
      "ci_lower": 0.3171375661375661,
      "ci_upper": 0.3406296296296296,
      "n_runs": 5,
      "scores": [
        0.3374074074074074,
        0.3124867724867724,
        0.32351851851851854,
        0.3185978835978836,
        0.34904761904761905
      ]
    },
    "gemini": {
      "mean": 0.38267195767195766,
      "std": 0.013981174880131023,
      "ci_lower": 0.36970899470899465,
      "ci_upper": 0.3974867724867724,
      "n_runs": 3,
      "scores": [
        0.36970899470899465,
        0.39748677248677244,
        0.3808201058201058
      ]
    },
    "difference": -0.05446031746031749,
    "relative_improvement": -14.231593501555487,
    "paired_ttest": {
      "statistic": -3.8241442930844634,
      "p_value": 0.06208071379957179,
      "test_type": "paired_ttest",
      "n_samples": 3,
      "mean_a": 0.3244708994708994,
      "mean_b": 0.38267195767195766,
      "std_a": 0.012487585167707009,
      "std_b": 0.013981174880131023,
      "mean_diff": -0.05820105820105818,
      "std_diff": 0.026360718145705054
    },
    "wilcoxon": {
      "statistic": 0.0,
      "p_value": 0.25,
      "test_type": "wilcoxon",
      "n_samples": 3,
      "mean_a": 0.3244708994708994,
      "mean_b": 0.38267195767195766,
      "std_a": 0.012487585167707009,
      "std_b": 0.013981174880131023,
      "median_a": 0.32351851851851854,
      "median_b": 0.3808201058201058
    },
    "significant_at_005": false,
    "significant_at_001": false
  },
  "subnarratives_f1_macro": {
    "GPT-5-nano": {
      "mean": 0.13877606085284758,
      "std": 0.012513941617277868,
      "ci_lower": 0.1295265462506842,
      "ci_upper": 0.14809310704976028,
      "n_runs": 5,
      "scores": [
        0.12507215007215008,
        0.15625960061443933,
        0.14661458333333333,
        0.13155446086480568,
        0.13437950937950938
      ]
    },
    "gemini": {
      "mean": 0.08843099989441454,
      "std": 0.003129332658750089,
      "ci_lower": 0.08485288424312813,
      "ci_upper": 0.09065656565656566,
      "n_runs": 3,
      "scores": [
        0.09065656565656566,
        0.08485288424312813,
        0.08978354978354978
      ]
    },
    "difference": 0.05034506095843304,
    "relative_improvement": 56.93146183865883,
    "paired_ttest": {
      "statistic": 5.0397339880906085,
      "p_value": 0.037189313244466685,
      "test_type": "paired_ttest",
      "n_samples": 3,
      "mean_a": 0.14264877800664091,
      "mean_b": 0.08843099989441454,
      "std_a": 0.015967466196890816,
      "std_b": 0.003129332658750089,
      "mean_diff": 0.05421777811222639,
      "std_diff": 0.018633512519864285
    },
    "wilcoxon": {
      "statistic": 0.0,
      "p_value": 0.25,
      "test_type": "wilcoxon",
      "n_samples": 3,
      "mean_a": 0.14264877800664091,
      "mean_b": 0.08843099989441454,
      "std_a": 0.015967466196890816,
      "std_b": 0.003129332658750089,
      "median_a": 0.14661458333333333,
      "median_b": 0.08978354978354978
    },
    "significant_at_005": false,
    "significant_at_001": false
  },
  "subnarratives_f1_micro": {
    "GPT-5-nano": {
      "mean": 0.15635274636028793,
      "std": 0.007668199096496355,
      "ci_lower": 0.1497902097902098,
      "ci_upper": 0.16112655100789322,
      "n_runs": 5,
      "scores": [
        0.15544041450777202,
        0.16037735849056603,
        0.16326530612244897,
        0.1590909090909091,
        0.14358974358974358
      ]
    },
    "gemini": {
      "mean": 0.11556393483851986,
      "std": 0.0037462209907466663,
      "ci_lower": 0.11143695014662756,
      "ci_upper": 0.11874999999999998,
      "n_runs": 3,
      "scores": [
        0.11650485436893204,
        0.11143695014662756,
        0.11875
      ]
    },
    "difference": 0.04078881152176807,
    "relative_improvement": 35.29545059084671,
    "paired_ttest": {
      "statistic": 15.246013243998313,
      "p_value": 0.004274603085866356,
      "test_type": "paired_ttest",
      "n_samples": 3,
      "mean_a": 0.159694359706929,
      "mean_b": 0.11556393483851986,
      "std_a": 0.003956905065729736,
      "std_b": 0.0037462209907466663,
      "mean_diff": 0.044130424868409145,
      "std_diff": 0.00501351643924193
    },
    "wilcoxon": {
      "statistic": 0.0,
      "p_value": 0.25,
      "test_type": "wilcoxon",
      "n_samples": 3,
      "mean_a": 0.159694359706929,
      "mean_b": 0.11556393483851986,
      "std_a": 0.003956905065729736,
      "std_b": 0.0037462209907466663,
      "median_a": 0.16037735849056603,
      "median_b": 0.11650485436893204
    },
    "significant_at_005": false,
    "significant_at_001": false
  },
  "subnarratives_f1_samples": {
    "GPT-5-nano": {
      "mean": 0.15669808513926162,
      "std": 0.008446984998286314,