{
  "narratives_f1_macro": {
    "Agora": {
      "mean": 0.21527268037963224,
      "std": 0.0005897025717148664,
      "ci_lower": 0.21474926588562948,
      "ci_upper": 0.2159115839597123,
      "n_runs": 3,
      "scores": [
        0.21474926588562948,
        0.2159115839597123,
        0.21515719129355493
      ]
    },
    "Baseline": {
      "mean": 0.23702117526280203,
      "std": 0.023040687424403385,
      "ci_lower": 0.21982544701444223,
      "ci_upper": 0.25438756618182456,
      "n_runs": 5,
      "scores": [
        0.2126333262696899,
        0.2523859712854928,
        0.21136931250567617,
        0.2584486220849857,
        0.2502686441681657
      ]
    },
    "difference": -0.021748494883169794,
    "relative_improvement": -9.175760291904599,
    "paired_ttest": {
      "statistic": -0.7748628827385263,
      "p_value": 0.5194885547682453,
      "test_type": "paired_ttest",
      "n_samples": 3,
      "mean_a": 0.21527268037963224,
      "mean_b": 0.22546287002028628,
      "std_a": 0.0005897025717148664,
      "std_b": 0.02332465367377031,
      "mean_diff": -0.010190189640654046,
      "std_diff": 0.02277812834962018
    },
    "wilcoxon": {
      "statistic": 3.0,
      "p_value": 1.0,
      "test_type": "wilcoxon",
      "n_samples": 3,
      "mean_a": 0.21527268037963224,
      "mean_b": 0.22546287002028628,
      "std_a": 0.0005897025717148664,
      "std_b": 0.02332465367377031,
      "median_a": 0.21515719129355493,
      "median_b": 0.2126333262696899
    },
    "significant_at_005": false,
    "significant_at_001": false
  },
  "narratives_f1_micro": {
    "Agora": {
      "mean": 0.3137266540044318,
      "std": 0.006732018310219386,
      "ci_lower": 0.3076923076923077,
      "ci_upper": 0.32098765432098764,
      "n_runs": 3,
      "scores": [
        0.3076923076923077,
        0.32098765432098764,
        0.3125
      ]
    },
    "Baseline": {
      "mean": 0.3060909865879233,
      "std": 0.0069234285044547685,
      "ci_lower": 0.3011446197465678,
      "ci_upper": 0.3115053853218669,
      "n_runs": 5,
      "scores": [
        0.30952380952380953,
        0.2988505747126437,
        0.30337078651685395,
        0.3163841807909605,
        0.3023255813953488
      ]
    },
    "difference": 0.007635667416508507,
    "relative_improvement": 2.49457440796454,
    "paired_ttest": {
      "statistic": 1.4163174986131903,
      "p_value": 0.2923678211998647,
      "test_type": "paired_ttest",
      "n_samples": 3,
      "mean_a": 0.3137266540044318,
      "mean_b": 0.3039150569177691,
      "std_a": 0.006732018310219386,
      "std_b": 0.005357392839390701,
      "mean_diff": 0.009811597086662719,
      "std_diff": 0.011998852428311257
    },
    "wilcoxon": {
      "statistic": 1.0,
      "p_value": 0.5,
      "test_type": "wilcoxon",
      "n_samples": 3,
      "mean_a": 0.3137266540044318,
      "mean_b": 0.3039150569177691,
      "std_a": 0.006732018310219386,
      "std_b": 0.005357392839390701,
      "median_a": 0.3125,
      "median_b": 0.30337078651685395
    },
    "significant_at_005": false,
    "significant_at_001": false
  },
  "narratives_f1_samples": {
    "Agora": {
      "mean": 0.38267195767195766,
      "std": 0.013981174880131023,
      "ci_lower": 0.36970899470899465,
      "ci_upper": 0.3974867724867724,
      "n_runs": 3,
      "scores": [
        0.36970899470899465,
        0.39748677248677244,
        0.3808201058201058
      ]
    },
    "Baseline": {
      "mean": 0.35440355940355933,
      "std": 0.011710614868849317,
      "ci_lower": 0.34625444925444915,
      "ci_upper": 0.3647325637325637,
      "n_runs": 5,
      "scores": [
        0.35354737854737844,
        0.34134920634920624,
        0.35010822510822504,
        0.3733357383357383,
        0.35367724867724865
      ]
    },
    "difference": 0.02826839826839833,
    "relative_improvement": 7.976330236629793,
    "paired_ttest": {
      "statistic": 2.9394249997645576,
      "p_value": 0.0988707363233477,
      "test_type": "paired_ttest",
      "n_samples": 3,
      "mean_a": 0.38267195767195766,
      "mean_b": 0.3483349366682699,
      "std_a": 0.013981174880131023,
      "std_b": 0.006289456666718058,
      "mean_diff": 0.03433702100368772,
      "std_diff": 0.020233026855153827
    },
    "wilcoxon": {
      "statistic": 0.0,
      "p_value": 0.25,
      "test_type": "wilcoxon",
      "n_samples": 3,
      "mean_a": 0.38267195767195766,
      "mean_b": 0.3483349366682699,
      "std_a": 0.013981174880131023,
      "std_b": 0.006289456666718058,
      "median_a": 0.3808201058201058,
      "median_b": 0.35010822510822504
    },
    "significant_at_005": false,
    "significant_at_001": false
  },
  "subnarratives_f1_macro": {
    "Agora": {
      "mean": 0.08843099989441454,
      "std": 0.003129332658750089,
      "ci_lower": 0.08485288424312813,
      "ci_upper": 0.09065656565656566,
      "n_runs": 3,
      "scores": [
        0.09065656565656566,
        0.08485288424312813,
        0.08978354978354978
      ]
    },
    "Baseline": {
      "mean": 0.0955276637432722,
      "std": 0.006781772551341134,
      "ci_lower": 0.09151374866273562,
      "ci_upper": 0.10152141112855399,
      "n_runs": 5,
      "scores": [
        0.09054570091155456,
        0.09288548752834468,
        0.09179592698111216,
        0.10727869352869353,
        0.09513250976665612
      ]
    },
    "difference": -0.007096663848857668,
    "relative_improvement": -7.428909669485631,
    "paired_ttest": {
      "statistic": -1.3577371035274481,
      "p_value": 0.3074437289599665,
      "test_type": "paired_ttest",
      "n_samples": 3,
      "mean_a": 0.08843099989441454,
      "mean_b": 0.0917423718070038,
      "std_a": 0.003129332658750089,
      "std_b": 0.001170812312257121,
      "mean_diff": -0.0033113719125892754,
      "std_diff": 0.004224281991307608
    },
    "wilcoxon": {
      "statistic": 1.0,
      "p_value": 0.5,
      "test_type": "wilcoxon",
      "n_samples": 3,
      "mean_a": 0.08843099989441454,
      "mean_b": 0.0917423718070038,
      "std_a": 0.003129332658750089,
      "std_b": 0.001170812312257121,
      "median_a": 0.08978354978354978,
      "median_b": 0.09179592698111216
    },
    "significant_at_005": false,
    "significant_at_001": false
  },
  "subnarratives_f1_micro": {
    "Agora": {
      "mean": 0.11556393483851986,
      "std": 0.0037462209907466663,
      "ci_lower": 0.11143695014662756,
      "ci_upper": 0.11874999999999998,
      "n_runs": 3,
      "scores": [
        0.11650485436893204,
        0.11143695014662756,
        0.11875
      ]
    },
    "Baseline": {
      "mean": 0.11290876426979579,
      "std": 0.004853413642256979,
      "ci_lower": 0.10947689951987946,
      "ci_upper": 0.11677483081494541,
      "n_runs": 5,
      "scores": [
        0.1130952380952381,
        0.10826210826210826,
        0.11396011396011396,
        0.12034383954154727,
        0.10888252148997135
      ]
    },
    "difference": 0.002655170568724066,
    "relative_improvement": 2.351607145730095,
    "paired_ttest": {
      "statistic": 7.52572440690055,
      "p_value": 0.017202173186402245,
      "test_type": "paired_ttest",
      "n_samples": 3,
      "mean_a": 0.11556393483851986,
      "mean_b": 0.11177248677248679,
      "std_a": 0.0037462209907466663,
      "std_b": 0.0030706791642903107,
      "mean_diff": 0.0037914480660330937,
      "std_diff": 0.0008726044603236636
    },
    "wilcoxon": {
      "statistic": 0.0,
      "p_value": 0.25,
      "test_type": "wilcoxon",
      "n_samples": 3,
      "mean_a": 0.11556393483851986,
      "mean_b": 0.11177248677248679,
      "std_a": 0.0037462209907466663,
      "std_b": 0.0030706791642903107,
      "median_a": 0.11650485436893204,
      "median_b": 0.1130952380952381
    },
    "significant_at_005": false,
    "significant_at_001": false
  },
  "subnarratives_f1_samples": {
    "Agora": {
      "mean": 0.15163418516393345,