{
  "narratives_f1_macro": {
    "Agora": {
      "mean": 0.21527268037963224,
      "std": 0.0005897025717148664,
      "ci_lower": 0.21474926588562948,
      "ci_upper": 0.2159115839597123,
      "n_runs": 3,
      "scores": [
        0.21474926588562948,
        0.2159115839597123,
        0.21515719129355493
      ]
    },
    "Actor-Critic": {
      "mean": 0.24279652759599282,
      "std": 0.022565440825702048,
      "ci_lower": 0.2229530941429337,
      "ci_upper": 0.2586074650245774,
      "n_runs": 5,
      "scores": [
        0.25055096418732786,
        0.26300186741363213,
        0.2582413130541473,
        0.23502066115702477,
        0.20716783216783216
      ]
    },
    "difference": -0.027523847216360586,
    "relative_improvement": -11.336178276058199,
    "paired_ttest": {
      "statistic": -12.708816819899784,
      "p_value": 0.006134499391698136,
      "test_type": "paired_ttest",
      "n_samples": 3,
      "mean_a": 0.21527268037963224,
      "mean_b": 0.2572647148850358,
      "std_a": 0.0005897025717148664,
      "std_b": 0.006282639236470014,
      "mean_diff": -0.041992034505403536,
      "std_diff": 0.0057229825803026945
    },
    "wilcoxon": {
      "statistic": 0.0,
      "p_value": 0.25,
      "test_type": "wilcoxon",
      "n_samples": 3,
      "mean_a": 0.21527268037963224,
      "mean_b": 0.2572647148850358,
      "std_a": 0.0005897025717148664,
      "std_b": 0.006282639236470014,
      "median_a": 0.21515719129355493,
      "median_b": 0.2582413130541473
    },
    "significant_at_005": false,
    "significant_at_001": false
  },
  "narratives_f1_micro": {
    "Agora": {
      "mean": 0.3137266540044318,
      "std": 0.006732018310219386,
      "ci_lower": 0.3076923076923077,
      "ci_upper": 0.32098765432098764,
      "n_runs": 3,
      "scores": [
        0.3076923076923077,
        0.32098765432098764,
        0.3125
      ]
    },
    "Actor-Critic": {
      "mean": 0.3088098932736614,
      "std": 0.004508349038808387,
      "ci_lower": 0.30526331639375115,
      "ci_upper": 0.31253604366647847,
      "n_runs": 5,
      "scores": [
        0.3105590062111801,
        0.3151515151515151,
        0.30666666666666664,
        0.30864197530864196,
        0.30303030303030304
      ]
    },
    "difference": 0.004916760730770409,
    "relative_improvement": 1.5921642531100098,
    "paired_ttest": {
      "statistic": 1.0116462253751157,
      "p_value": 0.4181931315789311,
      "test_type": "paired_ttest",
      "n_samples": 3,
      "mean_a": 0.3137266540044318,
      "mean_b": 0.3107923960097873,
      "std_a": 0.006732018310219386,
      "std_b": 0.004247236342762118,
      "mean_diff": 0.002934257994644492,
      "std_diff": 0.0050237759028408675
    },
    "wilcoxon": {
      "statistic": 1.0,
      "p_value": 0.5,
      "test_type": "wilcoxon",
      "n_samples": 3,
      "mean_a": 0.3137266540044318,
      "mean_b": 0.3107923960097873,
      "std_a": 0.006732018310219386,
      "std_b": 0.004247236342762118,
      "median_a": 0.3125,
      "median_b": 0.3105590062111801
    },
    "significant_at_005": false,
    "significant_at_001": false
  },
  "narratives_f1_samples": {
    "Agora": {
      "mean": 0.3826719576719578,
      "std": 0.013981174880131052,
      "ci_lower": 0.3697089947089947,
      "ci_upper": 0.3974867724867726,
      "n_runs": 3,
      "scores": [
        0.36970899470899476,
        0.3974867724867726,
        0.3808201058201059
      ]
    },
    "Actor-Critic": {
      "mean": 0.33415993953136813,
      "std": 0.017793940949402617,
      "ci_lower": 0.3191924414210129,
      "ci_upper": 0.3476263038548753,
      "n_runs": 5,
      "scores": [
        0.3388624338624339,
        0.3566402116402117,
        0.3070861678004535,
        0.3323696145124716,
        0.33584126984126983
      ]
    },
    "difference": 0.04851201814058964,
    "relative_improvement": 14.517604416802254,
    "paired_ttest": {
      "statistic": 3.7418947288840654,
      "p_value": 0.0645782369830263,
      "test_type": "paired_ttest",
      "n_samples": 3,
      "mean_a": 0.3826719576719578,
      "mean_b": 0.33419627110103306,
      "std_a": 0.013981174880131052,
      "std_b": 0.025104394464019294,
      "mean_diff": 0.048475686570924714,
      "std_diff": 0.022438459164687882
    },
    "wilcoxon": {
      "statistic": 0.0,
      "p_value": 0.25,
      "test_type": "wilcoxon",
      "n_samples": 3,
      "mean_a": 0.3826719576719578,
      "mean_b": 0.33419627110103306,
      "std_a": 0.013981174880131052,
      "std_b": 0.025104394464019294,
      "median_a": 0.3808201058201059,
      "median_b": 0.3388624338624339
    },
    "significant_at_005": false,
    "significant_at_001": false
  },
  "subnarratives_f1_macro": {
    "Agora": {
      "mean": 0.08843099989441454,
      "std": 0.003129332658750089,
      "ci_lower": 0.08485288424312813,
      "ci_upper": 0.09065656565656566,
      "n_runs": 3,
      "scores": [
        0.09065656565656566,
        0.08485288424312813,
        0.08978354978354978
      ]
    },
    "Actor-Critic": {
      "mean": 0.09488265838519429,
      "std": 0.014044881017080482,
      "ci_lower": 0.0853577859301765,
      "ci_upper": 0.10704923236568804,
      "n_runs": 5,
      "scores": [
        0.11719089630482032,
        0.1002328894733958,
        0.0871900826446281,
        0.08635884006254377,
        0.08344058344058343
      ]
    },
    "difference": -0.006451658490779749,
    "relative_improvement": -6.799618181636531,
    "paired_ttest": {
      "statistic": -1.5447332044220028,
      "p_value": 0.26241982792599233,
      "test_type": "paired_ttest",
      "n_samples": 3,
      "mean_a": 0.08843099989441454,
      "mean_b": 0.10153795614094807,
      "std_a": 0.003129332658750089,
      "std_b": 0.01504292539114188,
      "mean_diff": -0.013106956246533552,
      "std_diff": 0.014696333377563939
    },
    "wilcoxon": {
      "statistic": 1.0,
      "p_value": 0.5,
      "test_type": "wilcoxon",
      "n_samples": 3,
      "mean_a": 0.08843099989441454,
      "mean_b": 0.10153795614094807,
      "std_a": 0.003129332658750089,
      "std_b": 0.01504292539114188,
      "median_a": 0.08978354978354978,
      "median_b": 0.1002328894733958
    },
    "significant_at_005": false,
    "significant_at_001": false
  },
  "subnarratives_f1_micro": {
    "Agora": {
      "mean": 0.11556393483851986,
      "std": 0.0037462209907466663,
      "ci_lower": 0.11143695014662756,
      "ci_upper": 0.11874999999999998,
      "n_runs": 3,
      "scores": [
        0.11650485436893204,
        0.11143695014662756,
        0.11875
      ]
    },
    "Actor-Critic": {
      "mean": 0.12277254356581455,
      "std": 0.006692643599178895,
      "ci_lower": 0.11803252861749684,
      "ci_upper": 0.12874225707526926,
      "n_runs": 5,
      "scores": [
        0.13377926421404682,
        0.12218649517684887,
        0.11552346570397112,
        0.12140575079872204,
        0.12096774193548387
      ]
    },
    "difference": -0.007208608727294688,
    "relative_improvement": -5.871515338794278,
    "paired_ttest": {
      "statistic": -1.3669252183090892,
      "p_value": 0.30501677447269737,
      "test_type": "paired_ttest",
      "n_samples": 3,
      "mean_a": 0.11556393483851986,
      "mean_b": 0.12382974169828893,
      "std_a": 0.0037462209907466663,
      "std_b": 0.009238167521634857,
      "mean_diff": -0.00826580685976907,
      "std_diff": 0.01047372398643835
    },
    "wilcoxon": {
      "statistic": 1.0,
      "p_value": 0.5,
      "test_type": "wilcoxon",
      "n_samples": 3,
      "mean_a": 0.11556393483851986,
      "mean_b": 0.12382974169828893,
      "std_a": 0.0037462209907466663,
      "std_b": 0.009238167521634857,
      "median_a": 0.11650485436893204,
      "median_b": 0.12218649517684887
    },
    "significant_at_005": false,
    "significant_at_001": false
  },
  "subnarratives_f1_samples": {
    "Agora": {
      "mean": 0.15163418516393345,