{
  "narratives_f1_macro": {
    "Actor-Critic": {
      "mean": 0.24279652759599282,
      "std": 0.022565440825702048,
      "ci_lower": 0.2229530941429337,
      "ci_upper": 0.2586074650245774,
      "n_runs": 5,
      "scores": [
        0.25055096418732786,
        0.26300186741363213,
        0.2582413130541473,
        0.23502066115702477,
        0.20716783216783216
      ]
    },
    "Baseline": {
      "mean": 0.23702117526280203,
      "std": 0.023040687424403385,
      "ci_lower": 0.21982544701444223,
      "ci_upper": 0.25438756618182456,
      "n_runs": 5,
      "scores": [
        0.2126333262696899,
        0.2523859712854928,
        0.21136931250567617,
        0.2584486220849857,
        0.2502686441681657
      ]
    },
    "difference": 0.005775352333190792,
    "relative_improvement": 2.4366398178505584,
    "paired_ttest": {
      "statistic": 0.3337962274225839,
      "p_value": 0.7552989709719806,
      "test_type": "paired_ttest",
      "n_samples": 5,
      "mean_a": 0.24279652759599282,
      "mean_b": 0.23702117526280203,
      "std_a": 0.022565440825702048,
      "std_b": 0.023040687424403385,
      "mean_diff": 0.005775352333190803,
      "std_diff": 0.0386885151780865
    },
    "wilcoxon": {
      "statistic": 6.0,
      "p_value": 0.8125,
      "test_type": "wilcoxon",
      "n_samples": 5,
      "mean_a": 0.24279652759599282,
      "mean_b": 0.23702117526280203,
      "std_a": 0.022565440825702048,
      "std_b": 0.023040687424403385,
      "median_a": 0.25055096418732786,
      "median_b": 0.2502686441681657
    },
    "significant_at_005": false,
    "significant_at_001": false
  },
  "narratives_f1_micro": {
    "Actor-Critic": {
      "mean": 0.3088098932736614,
      "std": 0.004508349038808387,
      "ci_lower": 0.30526331639375115,
      "ci_upper": 0.31253604366647847,
      "n_runs": 5,
      "scores": [
        0.3105590062111801,
        0.3151515151515151,
        0.30666666666666664,
        0.30864197530864196,
        0.30303030303030304
      ]
    },
    "Baseline": {
      "mean": 0.3060909865879233,
      "std": 0.0069234285044547685,
      "ci_lower": 0.3011446197465678,
      "ci_upper": 0.3115053853218669,
      "n_runs": 5,
      "scores": [
        0.30952380952380953,
        0.2988505747126437,
        0.30337078651685395,
        0.3163841807909605,
        0.3023255813953488
      ]
    },
    "difference": 0.0027189066857380983,
    "relative_improvement": 0.8882674776041157,
    "paired_ttest": {
      "statistic": 0.7006988472312438,
      "p_value": 0.5221076478261015,
      "test_type": "paired_ttest",
      "n_samples": 5,
      "mean_a": 0.3088098932736614,
      "mean_b": 0.3060909865879233,
      "std_a": 0.004508349038808387,
      "std_b": 0.0069234285044547685,
      "mean_diff": 0.0027189066857380762,
      "std_diff": 0.008676566541835046
    },
    "wilcoxon": {
      "statistic": 4.0,
      "p_value": 0.4375,
      "test_type": "wilcoxon",
      "n_samples": 5,
      "mean_a": 0.3088098932736614,
      "mean_b": 0.3060909865879233,
      "std_a": 0.004508349038808387,
      "std_b": 0.0069234285044547685,
      "median_a": 0.30864197530864196,
      "median_b": 0.30337078651685395
    },
    "significant_at_005": false,
    "significant_at_001": false
  },
  "narratives_f1_samples": {
    "Actor-Critic": {
      "mean": 0.33415993953136813,
      "std": 0.017793940949402575,
      "ci_lower": 0.3191924414210129,
      "ci_upper": 0.3476263038548753,
      "n_runs": 5,
      "scores": [
        0.33886243386243386,
        0.35664021164021165,
        0.30708616780045356,
        0.3323696145124716,
        0.33584126984126983
      ]
    },
    "Baseline": {
      "mean": 0.3544035594035594,
      "std": 0.011710614868849278,
      "ci_lower": 0.3462544492544492,
      "ci_upper": 0.3647325637325637,
      "n_runs": 5,
      "scores": [
        0.3535473785473785,
        0.34134920634920635,
        0.3501082251082251,
        0.3733357383357383,
        0.35367724867724865
      ]
    },
    "difference": -0.020243619872191254,
    "relative_improvement": -5.712024988197097,
    "paired_ttest": {
      "statistic": -1.9095695866871656,
      "p_value": 0.12880979103286727,
      "test_type": "paired_ttest",
      "n_samples": 5,
      "mean_a": 0.33415993953136813,
      "mean_b": 0.3544035594035594,
      "std_a": 0.017793940949402575,
      "std_b": 0.011710614868849278,
      "mean_diff": -0.020243619872191275,
      "std_diff": 0.023704875936684574
    },
    "wilcoxon": {
      "statistic": 2.0,
      "p_value": 0.1875,
      "test_type": "wilcoxon",
      "n_samples": 5,
      "mean_a": 0.33415993953136813,
      "mean_b": 0.3544035594035594,
      "std_a": 0.017793940949402575,
      "std_b": 0.011710614868849278,
      "median_a": 0.33584126984126983,
      "median_b": 0.3535473785473785
    },
    "significant_at_005": false,
    "significant_at_001": false
  },
  "subnarratives_f1_macro": {
    "Actor-Critic": {
      "mean": 0.09488265838519429,
      "std": 0.014044881017080482,
      "ci_lower": 0.0853577859301765,
      "ci_upper": 0.10704923236568804,
      "n_runs": 5,
      "scores": [
        0.11719089630482032,
        0.1002328894733958,
        0.0871900826446281,
        0.08635884006254377,
        0.08344058344058343
      ]
    },
    "Baseline": {
      "mean": 0.0955276637432722,
      "std": 0.006781772551341134,
      "ci_lower": 0.09151374866273562,
      "ci_upper": 0.10152141112855399,
      "n_runs": 5,
      "scores": [
        0.09054570091155456,
        0.09288548752834468,
        0.09179592698111216,
        0.10727869352869353,
        0.09513250976665612
      ]
    },
    "difference": -0.0006450053580779186,
    "relative_improvement": -0.675202692919772,
    "paired_ttest": {
      "statistic": -0.07829251957964467,
      "p_value": 0.9413554759683148,
      "test_type": "paired_ttest",
      "n_samples": 5,
      "mean_a": 0.09488265838519429,
      "mean_b": 0.0955276637432722,
      "std_a": 0.014044881017080482,
      "std_b": 0.006781772551341134,
      "mean_diff": -0.0006450053580779241,
      "std_diff": 0.018421629987864254
    },
    "wilcoxon": {
      "statistic": 7.0,
      "p_value": 1.0,
      "test_type": "wilcoxon",
      "n_samples": 5,
      "mean_a": 0.09488265838519429,
      "mean_b": 0.0955276637432722,
      "std_a": 0.014044881017080482,
      "std_b": 0.006781772551341134,
      "median_a": 0.0871900826446281,
      "median_b": 0.09288548752834468
    },
    "significant_at_005": false,
    "significant_at_001": false
  },
  "subnarratives_f1_micro": {
    "Actor-Critic": {
      "mean": 0.12277254356581455,
      "std": 0.006692643599178895,
      "ci_lower": 0.11803252861749684,
      "ci_upper": 0.12874225707526926,
      "n_runs": 5,
      "scores": [
        0.13377926421404682,
        0.12218649517684887,
        0.11552346570397112,
        0.12140575079872204,
        0.12096774193548387
      ]
    },
    "Baseline": {
      "mean": 0.11290876426979579,
      "std": 0.004853413642256979,
      "ci_lower": 0.10947689951987946,
      "ci_upper": 0.11677483081494541,
      "n_runs": 5,
      "scores": [
        0.1130952380952381,
        0.10826210826210826,
        0.11396011396011396,
        0.12034383954154727,
        0.10888252148997135
      ]
    },
    "difference": 0.009863779296018754,
    "relative_improvement": 8.736061686450865,
    "paired_ttest": {
      "statistic": 2.613570275753938,
      "p_value": 0.059197551246155035,
      "test_type": "paired_ttest",
      "n_samples": 5,
      "mean_a": 0.12277254356581455,
      "mean_b": 0.11290876426979579,
      "std_a": 0.006692643599178895,
      "std_b": 0.004853413642256979,
      "mean_diff": 0.009863779296018758,
      "std_diff": 0.008439061779041098
    },
    "wilcoxon": {
      "statistic": 0.0,
      "p_value": 0.0625,
      "test_type": "wilcoxon",
      "n_samples": 5,
      "mean_a": 0.12277254356581455,