{
  "1_agents": {
    "count": 267,
    "avg_cost": 0.009101722846441949,
    "avg_latency": 25.457427122273703,
    "avg_f1": 0.2173468085106383,
    "cost_per_f1_point": 0.04187649641055785
  },
  "3_agents": {
    "count": 266,
    "avg_cost": 0.012545112781954889,
    "avg_latency": 22.556650175743794,
    "avg_f1": 0.22145869565217394,
    "cost_per_f1_point": 0.056647641425913636
  }
}