split,language,total,none_count,none_rate
dev,BG,28,8,0.2857142857142857
dev,EN,30,6,0.2
dev,HI,29,10,0.3448275862068966
dev,PT,25,8,0.32
dev,RU,28,5,0.17857142857142858
train,BG,357,54,0.15126050420168066
train,EN,203,58,0.2857142857142857
train,HI,193,46,0.23834196891191708
train,PT,252,121,0.4801587301587302
train,RU,133,15,0.11278195488721804
