Language,Model,Label_Type,F1_Macro,F1_Micro,F1_Samples,Total_Labels,Total_Files
BG,Google Gemini 2.5 Flash,narratives,0.4235596622814668,0.5584415584415584,0.5799092970521543,21,35
BG,Google Gemini 2.5 Flash,subnarratives,0.2818710241245453,0.38235294117647056,0.41044439342575983,71,35
