Language,Model,Label_Type,F1_Macro,F1_Micro,F1_Samples,Total_Labels,Total_Files
EN,Google Gemini 2.5 Flash,narratives,0.5397919289173159,0.5714285714285714,0.513246374221984,22,41
EN,Google Gemini 2.5 Flash,subnarratives,0.3116368630188616,0.40189125295508277,0.3814779736067648,83,41
