Language,Model,Label_Type,F1_Macro,F1_Micro,F1_Samples,Total_Labels,Total_Files
HI,Google Gemini 2.5 Flash,narratives,0.3971351493662706,0.4840764331210191,0.4715192743764171,13,35
HI,Google Gemini 2.5 Flash,subnarratives,0.23758531181804834,0.30711610486891383,0.2976051691579642,46,35
