Language,Model,Label_Type,F1_Macro,F1_Micro,F1_Samples,Total_Labels,Total_Files
PT,Google Gemini 2.5 Flash,narratives,0.475557906089265,0.746031746031746,0.7489342403628118,14,35
PT,Google Gemini 2.5 Flash,subnarratives,0.33866477272727274,0.4725274725274725,0.4737083551369266,40,35
