Language,Model,Label_Type,F1_Macro,F1_Micro,F1_Samples,Total_Labels,Total_Files
RU,Google Gemini 2.5 Flash,narratives,0.5213457566398744,0.6878980891719745,0.6957589285714285,11,32
RU,Google Gemini 2.5 Flash,subnarratives,0.3241036374059891,0.4453125,0.475359623015873,41,32
