{
  "narratives_f1_macro": {
    "Level-First": {
      "mean": 0.2739588226828487,
      "std": 0.014731809459076328,
      "ci_lower": 0.2625542230737036,
      "ci_upper": 0.28536342229199374,
      "n_runs": 5,
      "scores": [
        0.28307539682539684,
        0.29132216989359844,
        0.25921553194280467,
        0.27802197802197803,
        0.2581590367304653
      ]
    },
    "Top-Down-Multi": {
      "mean": 0.2960628052874042,
      "std": 0.03985199930869526,
      "ci_lower": 0.26788318633238417,
      "ci_upper": 0.3242424242424242,
      "n_runs": 2,
      "scores": [
        0.3242424242424242,
        0.26788318633238417
      ]
    },
    "difference": -0.022103982604555483,
    "relative_improvement": -7.46597755942289,
    "paired_ttest": {
      "statistic": -0.2744023905420141,
      "p_value": 0.8295065192488443,
      "test_type": "paired_ttest",
      "n_samples": 2,
      "mean_a": 0.28719878335949767,
      "mean_b": 0.2960628052874042,
      "std_a": 0.005831349159431939,
      "std_b": 0.03985199930869526,
      "mean_diff": -0.008864021927906557,
      "std_diff": 0.0456833484681272
    },
    "wilcoxon": {
      "statistic": 1.0,
      "p_value": 1.0,
      "test_type": "wilcoxon",
      "n_samples": 2,
      "mean_a": 0.28719878335949767,
      "mean_b": 0.2960628052874042,
      "std_a": 0.005831349159431939,
      "std_b": 0.03985199930869526,
      "median_a": 0.28719878335949767,
      "median_b": 0.2960628052874042
    },
    "significant_at_005": false,
    "significant_at_001": false
  },
  "narratives_f1_micro": {
    "Level-First": {
      "mean": 0.3052868374671505,
      "std": 0.027913290601878495,
      "ci_lower": 0.2842572017856359,
      "ci_upper": 0.3263164731486651,
      "n_runs": 5,
      "scores": [
        0.33557046979865773,
        0.33548387096774196,
        0.2894736842105263,
        0.2874251497005988,
        0.27848101265822783
      ]
    },
    "Top-Down-Multi": {
      "mean": 0.3612175393784589,
      "std": 0.07435307575695073,
      "ci_lower": 0.30864197530864196,
      "ci_upper": 0.41379310344827586,
      "n_runs": 2,
      "scores": [
        0.41379310344827586,
        0.30864197530864196
      ]
    },
    "difference": -0.05593070191130839,
    "relative_improvement": -15.483938572735816,
    "paired_ttest": {
      "statistic": -0.48903981513630224,
      "p_value": 0.7104391756295758,
      "test_type": "paired_ttest",
      "n_samples": 2,
      "mean_a": 0.33552717038319985,
      "mean_b": 0.3612175393784589,
      "std_a": 6.123462058337098e-05,
      "std_b": 0.07435307575695073,
      "mean_diff": -0.02569036899525906,
      "std_diff": 0.07429184113636736
    },
    "wilcoxon": {
      "statistic": 1.0,
      "p_value": 1.0,
      "test_type": "wilcoxon",
      "n_samples": 2,
      "mean_a": 0.33552717038319985,
      "mean_b": 0.3612175393784589,
      "std_a": 6.123462058337098e-05,
      "std_b": 0.07435307575695073,
      "median_a": 0.33552717038319985,
      "median_b": 0.3612175393784589
    },
    "significant_at_005": false,
    "significant_at_001": false
  },
  "narratives_f1_samples": {
    "Level-First": {
      "mean": 0.33558201058201065,
      "std": 0.02788922591114136,
      "ci_lower": 0.3142275132275133,
      "ci_upper": 0.3575449735449736,
      "n_runs": 5,
      "scores": [
        0.35447089947089955,
        0.3738624338624339,
        0.32801587301587304,
        0.3116666666666667,
        0.30989417989417994
      ]
    },
    "Top-Down-Multi": {
      "mean": 0.4093235071806501,
      "std": 0.11861542550924452,
      "ci_lower": 0.3254497354497355,
      "ci_upper": 0.4931972789115647,
      "n_runs": 2,
      "scores": [
        0.4931972789115647,
        0.3254497354497355
      ]
    },
    "difference": -0.07374149659863943,
    "relative_improvement": -18.015456064704953,
    "paired_ttest": {
      "statistic": -0.4826019346890966,
      "p_value": 0.7137550385647087,
      "test_type": "paired_ttest",
      "n_samples": 2,
      "mean_a": 0.36416666666666675,
      "mean_b": 0.4093235071806501,
      "std_a": 0.013711885465866089,
      "std_b": 0.11861542550924452,
      "mean_diff": -0.04515684051398336,
      "std_diff": 0.1323273109751106
    },
    "wilcoxon": {
      "statistic": 1.0,
      "p_value": 1.0,
      "test_type": "wilcoxon",
      "n_samples": 2,
      "mean_a": 0.36416666666666675,
      "mean_b": 0.4093235071806501,
      "std_a": 0.013711885465866089,
      "std_b": 0.11861542550924452,
      "median_a": 0.36416666666666675,
      "median_b": 0.4093235071806501
    },
    "significant_at_005": false,
    "significant_at_001": false
  },
  "subnarratives_f1_macro": {
    "Level-First": {
      "mean": 0.11335812147928323,
      "std": 0.025339468455928275,
      "ci_lower": 0.0916168988623717,
      "ci_upper": 0.13060561763667353,
      "n_runs": 5,
      "scores": [
        0.10928071928071928,
        0.13931446974925235,
        0.12935374149659865,
        0.11569166569166567,
        0.0731500111781802
      ]
    },
    "Top-Down-Multi": {
      "mean": 0.11991758241758242,
      "std": 0.018972736894474207,
      "ci_lower": 0.10650183150183151,
      "ci_upper": 0.13333333333333333,
      "n_runs": 2,
      "scores": [
        0.13333333333333333,
        0.10650183150183151
      ]
    },
    "difference": -0.006559460938299191,
    "relative_improvement": -5.469974299062785,
    "paired_ttest": {
      "statistic": 0.1540488055620816,
      "p_value": 0.9026943939940728,
      "test_type": "paired_ttest",
      "n_samples": 2,
      "mean_a": 0.12429759451498582,
      "mean_b": 0.11991758241758242,
      "std_a": 0.021237068620764382,
      "std_b": 0.018972736894474207,
      "mean_diff": 0.0043800120974033935,
      "std_diff": 0.04020980551523859
    },
    "wilcoxon": {
      "statistic": 1.0,
      "p_value": 1.0,
      "test_type": "wilcoxon",
      "n_samples": 2,
      "mean_a": 0.12429759451498582,
      "mean_b": 0.11991758241758242,
      "std_a": 0.021237068620764382,
      "std_b": 0.018972736894474207,
      "median_a": 0.12429759451498582,
      "median_b": 0.11991758241758242
    },
    "significant_at_005": false,
    "significant_at_001": false
  },
  "subnarratives_f1_micro": {
    "Level-First": {
      "mean": 0.13851271107339075,
      "std": 0.028345296151763736,
      "ci_lower": 0.11304138355393216,
      "ci_upper": 0.1561269983996746,
      "n_runs": 5,
      "scores": [
        0.1391304347826087,
        0.16326530612244897,
        0.15447154471544716,
        0.14516129032258066,
        0.09053497942386832
      ]
    },
    "Top-Down-Multi": {
      "mean": 0.17822520507084266,
      "std": 0.06222117835944265,
      "ci_lower": 0.1342281879194631,
      "ci_upper": 0.2222222222222222,
      "n_runs": 2,
      "scores": [
        0.2222222222222222,
        0.1342281879194631
      ]
    },
    "difference": -0.039712493997451914,
    "relative_improvement": -22.28219851488829,
    "paired_ttest": {
      "statistic": -0.48207613306172753,
      "p_value": 0.7140265961476004,
      "test_type": "paired_ttest",
      "n_samples": 2,
      "mean_a": 0.15119787045252883,
      "mean_b": 0.17822520507084266,
      "std_a": 0.01706593118746591,
      "std_b": 0.06222117835944265,
      "mean_diff": -0.027027334618313817,
      "std_diff": 0.07928710954690857
    },
    "wilcoxon": {
      "statistic": 1.0,
      "p_value": 1.0,
      "test_type": "wilcoxon",
      "n_samples": 2,
      "mean_a": 0.15119787045252883,
      "mean_b": 0.17822520507084266,
      "std_a": 0.01706593118746591,
      "std_b": 0.06222117835944265,
      "median_a": 0.15119787045252883,
      "median_b": 0.17822520507084266
    },
    "significant_at_005": false,
    "significant_at_001": false
  },
  "subnarratives_f1_samples": {
    "Level-First": {
      "mean": 0.17390162234279882,
      "std": 0.031137398958070314,
      "ci_lower": 0.1468887572122866,